This is pdfTeX, Version 3.141592653-2.6-1.40.28 (TeX Live 2025/Debian) (preloaded format=pdflatex 2026.3.20)  25 MAY 2026 08:37
entering extended mode
 restricted \write18 enabled.
 %&-line parsing enabled.
**main.tex
(./main.tex
LaTeX2e <2025-11-01>
L3 programming layer <2026-01-19>
(/usr/share/texlive/texmf-dist/tex/latex/nag/nag.sty
Package: nag 2011/11/25 0.7 warning about old commands (ulmi)
\c@nag@c=\count275
\c@nag@sins=\count276
Package nag Info: Loaded nag-l2tabu.cfg  on input line 552.

(/usr/share/texlive/texmf-dist/tex/latex/nag/nag-l2tabu.cfg
File: nag-l2tabu.cfg 2010/05/17 v2.11 l2tabu rules for nag.sty (ulmi)
))
(/usr/share/texlive/texmf-dist/tex/latex/memoir/memoir.cls
Document Class: memoir 2025/11/04 v3.8.4b configurable book, report, article do
cument class
(/usr/share/texlive/texmf-dist/tex/latex/xpatch/xpatch.sty
(/usr/share/texlive/texmf-dist/tex/latex/l3kernel/expl3.sty
Package: expl3 2026-01-19 L3 programming layer (loader) 

(/usr/share/texlive/texmf-dist/tex/latex/l3backend/l3backend-pdftex.def
File: l3backend-pdftex.def 2025-10-09 L3 backend support: PDF output (pdfTeX)
\l__color_backend_stack_int=\count277
))
Package: xpatch 2020/03/25 v0.3a Extending etoolbox patching commands

(/usr/share/texlive/texmf-dist/tex/latex/l3packages/xparse/xparse.sty
Package: xparse 2025-10-09 L3 Experimental document command parser
)
(/usr/share/texlive/texmf-dist/tex/latex/etoolbox/etoolbox.sty
Package: etoolbox 2025/10/02 v2.5m e-TeX tools for LaTeX (JAW)
\etb@tempcnta=\count278
))
\onelineskip=\skip49
\lxvchars=\skip50
\xlvchars=\skip51
\@memcnta=\count279
\c@@memmarkcntra=\count280

(/usr/share/texlive/texmf-dist/tex/generic/iftex/iftex.sty
Package: iftex 2024/12/12 v1.0g TeX engine tests
)
\trimtop=\skip52
\trimedge=\skip53

(/usr/share/texlive/texmf-dist/tex/latex/memoir/mem12.clo
File: mem12.clo 2022/07/29 v0.5 memoir class 12pt size option
)
\binding=\skip54
\spinemargin=\skip55
\foremargin=\skip56
\uppermargin=\skip57
\lowermargin=\skip58
\headdrop=\skip59
\normalrulethickness=\skip60
\mem@maxheadheight=\skip61
\mem@maxfootheight=\skip62
\headwidth=\skip63
\c@storedpagenumber=\count281
\memPD=\dimen148
\m@mabparskip=\skip64
\thanksmarkwidth=\skip65
\thanksmarksep=\skip66
\droptitle=\skip67
\c@book=\count282
\c@part=\count283
\c@chapter=\count284
\c@section=\count285
\c@subsection=\count286
\c@subsubsection=\count287
\c@paragraph=\count288
\c@subparagraph=\count289
\beforechapskip=\skip68
\midchapskip=\skip69
\afterchapskip=\skip70
\chapindent=\skip71
\bottomsectionskip=\skip72
\secindent=\skip73
\beforesecskip=\skip74
\aftersecskip=\skip75
\subsecindent=\skip76
\beforesubsecskip=\skip77
\aftersubsecskip=\skip78
\subsubsecindent=\skip79
\beforesubsubsecskip=\skip80
\aftersubsubsecskip=\skip81
\paraindent=\skip82
\beforeparaskip=\skip83
\afterparaskip=\skip84
\subparaindent=\skip85
\beforesubparaskip=\skip86
\aftersubparaskip=\skip87
\pfbreakskip=\skip88
\c@@ppsavesec=\count290
\c@@ppsaveapp=\count291
\ragrparindent=\dimen149
\everylistparindent=\dimen150
\parsepi=\skip89
\topsepi=\skip90
\itemsepi=\skip91
\parsepii=\skip92
\topsepii=\skip93
\topsepiii=\skip94
\itemsepii=\skip95
\itemsepiii=\skip96
\partopsepii=\skip97
\partopsepiii=\skip98
\m@msavetopsep=\skip99
\m@msavepartopsep=\skip100
\@enLab=\toks17
\abstitleskip=\skip101
\absleftindent=\skip102
\abs@leftindent=\dimen151
\absrightindent=\skip103
\absparindent=\skip104
\absparsep=\skip105
\c@vslineno=\count292
\c@poemline=\count293
\c@modulo@vs=\count294
\c@memfvsline=\count295
\vleftskip=\skip106
\vrightskip=\skip107
\stanzaskip=\skip108
\versewidth=\skip109
\vgap=\skip110
\vindent=\skip111
\vleftmargin=\dimen152
\c@verse=\count296
\c@chrsinstr=\count297
\beforepoemtitleskip=\skip112
\afterpoemtitleskip=\skip113
\c@poem=\count298
\beforePoemTitleskip=\skip114
\midPoemTitleskip=\skip115
\afterPoemTitleskip=\skip116

(/usr/share/texlive/texmf-dist/tex/latex/tools/array.sty
Package: array 2025/09/25 v2.6n Tabular extension package (FMi)
\col@sep=\dimen153
\ar@mcellbox=\box53
\extrarowheight=\dimen154
\NC@list=\toks18
\extratabsurround=\skip117
\backup@length=\skip118
\ar@cellbox=\box54
)
(/usr/share/texlive/texmf-dist/tex/latex/tools/dcolumn.sty
Package: dcolumn 2025/10/21 v1.06 decimal alignment package (DPC)
)
(/usr/share/texlive/texmf-dist/tex/latex/tools/delarray.sty
Package: delarray 2014/10/28 v1.01 array delimiter package (DPC)
)
(/usr/share/texlive/texmf-dist/tex/latex/tools/tabularx.sty
Package: tabularx 2023/12/11 v2.12a `tabularx' package (DPC)
\TX@col@width=\dimen155
\TX@old@table=\dimen156
\TX@old@col=\dimen157
\TX@target=\dimen158
\TX@delta=\dimen159
\TX@cols=\count299
\TX@ftn=\toks19
)
(/usr/share/texlive/texmf-dist/tex/latex/booktabs/booktabs.sty
Package: booktabs 2020/01/12 v1.61803398 Publication quality tables
\heavyrulewidth=\dimen160
\lightrulewidth=\dimen161
\cmidrulewidth=\dimen162
\belowrulesep=\dimen163
\belowbottomsep=\dimen164
\aboverulesep=\dimen165
\abovetopsep=\dimen166
\cmidrulesep=\dimen167
\cmidrulekern=\dimen168
\defaultaddspace=\dimen169
\@cmidla=\count300
\@cmidlb=\count301
\@aboverulesep=\dimen170
\@belowrulesep=\dimen171
\@thisruleclass=\count302
\@lastruleclass=\count303
\@thisrulewidth=\dimen172
)
\ctableftskip=\skip119
\ctabrightskip=\skip120
\abovecolumnspenalty=\count304
\@linestogo=\count305
\@cellstogo=\count306
\@cellsincolumn=\count307
\crtok=\toks20
\@mincolumnwidth=\dimen173
\c@newflo@tctr=\count308
\mem@margin@floatbox=\box55
\@contcwidth=\skip121
\@contindw=\skip122
\abovecaptionskip=\skip123
\belowcaptionskip=\skip124
\subfloattopskip=\skip125
\subfloatcapskip=\skip126
\subfloatcaptopadj=\skip127
\subfloatbottomskip=\skip128
\subfloatlabelskip=\skip129
\subfloatcapmargin=\dimen174
\c@@contsubnum=\count309
\m@mscap@capbox=\box56
\m@mscap@fbox=\box57
\sidecapsep=\dimen175
\sidecapwidth=\dimen176
\m@m@tempdima=\dimen177
\m@mscapraise=\dimen178
\sidecapraise=\dimen179
\m@mscapmainwidth=\dimen180
\m@mscaplkern=\dimen181
\beforeepigraphskip=\skip130
\afterepigraphskip=\skip131
\epigraphwidth=\skip132
\epigraphrule=\skip133

(/usr/share/texlive/texmf-dist/tex/latex/hyperref/nameref.sty
Package: nameref 2025-06-21 v2.57 Cross-referencing by name of section

(/usr/share/texlive/texmf-dist/tex/latex/refcount/refcount.sty
Package: refcount 2019/12/15 v3.6 Data extraction from label references (HO)

(/usr/share/texlive/texmf-dist/tex/generic/ltxcmds/ltxcmds.sty
Package: ltxcmds 2023-12-04 v1.26 LaTeX kernel commands for general use (HO)
)
(/usr/share/texlive/texmf-dist/tex/generic/infwarerr/infwarerr.sty
Package: infwarerr 2019/12/03 v1.5 Providing info/warning/error messages (HO)
))
(/usr/share/texlive/texmf-dist/tex/generic/gettitlestring/gettitlestring.sty
Package: gettitlestring 2019/12/15 v1.6 Cleanup title references (HO)

(/usr/share/texlive/texmf-dist/tex/latex/kvoptions/kvoptions.sty
Package: kvoptions 2022-06-15 v3.15 Key value format for package options (HO)

(/usr/share/texlive/texmf-dist/tex/latex/graphics/keyval.sty
Package: keyval 2022/05/29 v1.15 key=value parser (DPC)
\KV@toks@=\toks21
)
(/usr/share/texlive/texmf-dist/tex/latex/kvsetkeys/kvsetkeys.sty
Package: kvsetkeys 2022-10-05 v1.19 Key value parser (HO)
)))
\c@section@level=\count310
)
\tocentryskip=\skip134
\tocbaseline=\skip135
\cftparskip=\skip136
\cftbeforebookskip=\skip137
\cftbookindent=\dimen182
\cftbooknumwidth=\dimen183
\cftbeforepartskip=\skip138
\cftpartindent=\skip139
\cftpartnumwidth=\skip140
\cftbeforechapterskip=\skip141
\cftchapterindent=\skip142
\cftchapternumwidth=\skip143
\cftbeforesectionskip=\skip144
\cftsectionindent=\skip145
\cftsectionnumwidth=\skip146
\cftbeforesubsectionskip=\skip147
\cftsubsectionindent=\skip148
\cftsubsectionnumwidth=\skip149
\cftbeforesubsubsectionskip=\skip150
\cftsubsubsectionindent=\skip151
\cftsubsubsectionnumwidth=\skip152
\cftbeforeparagraphskip=\skip153
\cftparagraphindent=\skip154
\cftparagraphnumwidth=\skip155
\cftbeforesubparagraphskip=\skip156
\cftsubparagraphindent=\skip157
\cftsubparagraphnumwidth=\skip158
\prechapterprecisshift=\dimen184
\c@maxsecnumdepth=\count311
\bibindent=\dimen185
\bibitemsep=\skip159
\indexcolsep=\skip160
\indexrule=\skip161
\indexmarkstyle=\toks22
\@indexbox=\insert252
LaTeX Info: Redefining \raggedbottom on input line 8095.
LaTeX Info: Redefining \flushbottom on input line 8099.
\glossarycolsep=\dimen186
\glossaryrule=\dimen187
\sideparvshift=\skip162
\sideins=\insert251
\sidebartopsep=\skip163
\sidebarhsep=\skip164
\sidebarvsep=\skip165
\sidebarwidth=\skip166
\footmarkwidth=\skip167
\footmarksep=\skip168
\footparindent=\skip169
\footinsdim=\skip170
\footinsv@r=\insert250
\@mpfootinsv@r=\insert249
\m@m@k=\count312
\m@m@h=\dimen188
\m@mipn@skip=\skip171
\sidefootins=\insert248
\sidefootadjust=\skip172
\sidefootheight=\skip173
\sidefoothsep=\skip174
\sidefootvsep=\skip175
\sidefootwidth=\skip176
\m@mdownsf=\skip177
\c@sidefootnote=\count313
\sidefootmarkwidth=\skip178
\sidefootmarksep=\skip179
\sidefootparindent=\skip180
\c@pagenote=\count314
\c@pagenoteshadow=\count315
\mem@pn@lastkern=\skip181

(/usr/share/texlive/texmf-dist/tex/latex/tools/verbatim.sty
Package: verbatim 2024-01-22 v1.5x LaTeX2e package for verbatim enhancements
\every@verbatim=\toks23
\verbatim@line=\toks24
\verbatim@in@stream=\read2
)
\verbatimindent=\skip182
\verbatim@out=\write3

(/usr/share/texlive/texmf-dist/tex/latex/base/shortvrb.sty
Package: shortvrb 2024/12/25 v3.0q Standard LaTeX documentation package V3 (FMi
)
)
\bvboxsep=\skip183
\c@memfbvline=\count316
\c@bvlinectr=\count317
\bvnumlength=\skip184
\fb@frw=\dimen189
\fb@frh=\dimen190
\FrameRule=\dimen191
\FrameSep=\dimen192
\c@cp@cntr=\count318
\c@ism@mctr=\count319
\c@xsm@mctr=\count320
\c@csm@mctr=\count321
\c@ksm@mctr=\count322
\c@xksm@mctr=\count323
\c@cksm@mctr=\count324
\c@msm@mctr=\count325
\c@xmsm@mctr=\count326
\c@cmsm@mctr=\count327
\c@bsm@mctr=\count328
\c@workm@mctr=\count329
\c@sheetsequence=\count330
\c@lastsheet=\count331
\c@lastpage=\count332
\c@figure=\count333
\c@lofdepth=\count334
\cftbeforefigureskip=\skip185
\cftfigureindent=\skip186
\cftfigurenumwidth=\skip187
\c@table=\count335
\c@lotdepth=\count336
\cftbeforetableskip=\skip188
\cfttableindent=\skip189
\cfttablenumwidth=\skip190
Package abstract [2008/07/23] emulated by memoir.
Package appendix [2008/07/23] emulated by memoir.
Package ccaption [2008/07/23] emulated by memoir.
Package changepage [2008/07/23] emulated by memoir.
Package chngcntr [2008/07/23] emulated by memoir.
Package chngpage [2008/07/23] emulated by memoir.
Package crop emulated by memoir.
Package enumerate [2008/07/23] emulated by memoir.
Package epigraph [2008/07/23] emulated by memoir.
Package ifmtarg [2008/07/23] emulated by memoir.
Package index [2008/07/23] emulated by memoir.
Package makeidx [2008/07/23] emulated by memoir.
Package moreverb [2008/07/23] emulated by memoir.
Package needspace [2008/07/23] emulated by memoir.
Package newfile [2008/07/23] emulated by memoir.
Package nextpage [2008/07/23] emulated by memoir.
Package pagenote [2008/07/23] emulated by memoir.
Package parskip [2008/07/23] emulated by memoir.
Package patchcmd [2008/07/23] emulated by memoir.
Package setspace [2008/07/23] emulated by memoir.
Package showidx [2008/07/23] emulated by memoir.
Package titleref [2008/07/23] emulated by memoir.
Package titling [2008/07/23] emulated by memoir.
Package tocbibind [2008/07/23] emulated by memoir.
Package tocloft [2008/07/23] emulated by memoir.
Package tocvsec2 [2008/07/23] emulated by memoir.
Package verse [2008/07/23] emulated by memoir.
)
(/usr/share/texlive/texmf-dist/tex/latex/datetime/datetime.sty
Package: datetime 2015/03/20 v2.60 Date Time Package

(/usr/share/texlive/texmf-dist/tex/latex/fmtcount/fmtcount.sty
Package: fmtcount 2025/12/02 v3.12 Displaying the values of LaTeX counters (NT,
VB,NE)

(/usr/share/texlive/texmf-dist/tex/latex/base/ifthen.sty
Package: ifthen 2024/03/16 v1.1e Standard LaTeX ifthen package (DPC)
)
(/usr/share/texlive/texmf-dist/tex/latex/xkeyval/xkeyval.sty
Package: xkeyval 2025/11/04 v2.10 package option processing (HA)

(/usr/share/texlive/texmf-dist/tex/generic/xkeyval/xkeyval.tex
(/usr/share/texlive/texmf-dist/tex/generic/xkeyval/xkvutils.tex
\XKV@toks=\toks25
\XKV@tempa@toks=\toks26
\XKV@tempb@toks=\toks27
)
\XKV@depth=\count337
File: xkeyval.tex 2014/12/03 v2.7a key=value parser (HA)
))
(/usr/share/texlive/texmf-dist/tex/latex/fmtcount/fcprefix.sty
Package: fcprefix 2012/09/28

(/usr/share/texlive/texmf-dist/tex/latex/fmtcount/fcnumparser.sty
Package: fcnumparser 2017/06/15
\fc@digit@counter=\count338
))
(/usr/share/texlive/texmf-dist/tex/latex/amsmath/amsgen.sty
File: amsgen.sty 1999/11/30 v2.0 generic functions
\@emptytoks=\toks28
\ex@=\dimen193
)
\c@padzeroesN=\count339
\fc@tmpcatcode=\count340
\@DT@modctr=\count341
\@ordinalctr=\count342
\@orgargctr=\count343
\@strctr=\count344
\@tmpstrctr=\count345
\@DT@loopN=\count346
\@DT@X=\count347
)
(/usr/share/texlive/texmf-dist/tex/latex/datetime/datetime-defaults.sty
Package: datetime-defaults 2013/09/10
)
\@day=\count348
\@month=\count349
\@year=\count350
\c@HOUR=\count351
\c@HOURXII=\count352
\c@MINUTE=\count353
\c@TOHOUR=\count354
\c@TOMINUTE=\count355
\c@SECOND=\count356
\currenthour=\count357
\currentminute=\count358
\currentsecond=\count359
Package datetime Info: No datetime.cfg file found, using default settings on in
put line 308.
\@dtctr=\count360
\dayofyear=\count361
\dayofweek=\count362
LaTeX Info: Redefining \today on input line 736.
\dt@a=\toks29
\dt@b=\toks30
)
(/usr/share/texlive/texmf-dist/tex/generic/iftex/ifpdf.sty
Package: ifpdf 2019/10/25 v3.4 ifpdf legacy package. Use iftex instead.
)
(/usr/share/texlive/texmf-dist/tex/latex/microtype/microtype.sty
Package: microtype 2025/07/09 v3.2b Micro-typographical refinements (RS)
\MT@toks=\toks31
\MT@tempbox=\box58
\MT@count=\count363
LaTeX Info: Redefining \noprotrusionifhmode on input line 1087.
LaTeX Info: Redefining \leftprotrusion on input line 1088.
\MT@prot@toks=\toks32
LaTeX Info: Redefining \rightprotrusion on input line 1107.
LaTeX Info: Redefining \textls on input line 1449.
\MT@outer@kern=\dimen194
LaTeX Info: Redefining \microtypecontext on input line 2053.
LaTeX Info: Redefining \textmicrotypecontext on input line 2070.
\MT@listname@count=\count364

(/usr/share/texlive/texmf-dist/tex/latex/microtype/microtype-pdftex.def
File: microtype-pdftex.def 2025/07/09 v3.2b Definitions specific to pdftex (RS)

LaTeX Info: Redefining \lsstyle on input line 944.
LaTeX Info: Redefining \lslig on input line 944.
\MT@outer@space=\skip191
)
Package microtype Info: Loading configuration file microtype.cfg.

(/usr/share/texlive/texmf-dist/tex/latex/microtype/microtype.cfg
File: microtype.cfg 2025/07/09 v3.2b microtype main configuration file (RS)
)
LaTeX Info: Redefining \microtypesetup on input line 3065.
)

******************************************************
Stock height and width: 845.04684pt by 597.50787pt
Top and edge trims: 0pt and 0pt
Page height and width: 845.04684pt by 597.50787pt
Text height and width: 635.5pt by 448pt
Spine and edge margins: 59.73816pt and 89.63971pt
Upper and lower margins: 113.81102pt and 95.73582pt
Headheight and headsep: 14.5pt and 29pt
Footskip: 29pt
Columnsep and columnseprule: 10pt and 0pt
Marginparsep and marginparwidth: 17pt and 51pt
Sidecapsep and sidecapwidth: 7pt and 42pt
Sidebarhsep and sidebarwidth: 7pt and 42pt
Sidebarvsep and sidebartopsep: 14.5pt and 0pt
Sidebarheight: 590.14995pt
Sidefoothsep and sidefootwidth: 7pt and 42pt
Sidefootvsep and sidefootheight: 14.5pt and 590.14995pt
******************************************************

(/usr/share/texlive/texmf-dist/tex/latex/base/fontenc.sty
Package: fontenc 2025/07/18 v2.1d Standard LaTeX package

(/home/kali/texmf/tex/latex/cyrillic/t2aenc.def
File: t2aenc.def 2023/11/07 v1.0k Cyrillic encoding definition file
Now handling font encoding T2A ...
... processing UTF-8 mapping file for font encoding T2A

(/usr/share/texlive/texmf-dist/tex/latex/base/t2aenc.dfu
File: t2aenc.dfu 2022/06/07 v1.3c UTF-8 support
   defining Unicode char U+00A4 (decimal 164)
   defining Unicode char U+00A7 (decimal 167)
   defining Unicode char U+00AB (decimal 171)
   defining Unicode char U+00BB (decimal 187)
   defining Unicode char U+0131 (decimal 305)
   defining Unicode char U+0237 (decimal 567)
   defining Unicode char U+0400 (decimal 1024)
   defining Unicode char U+0401 (decimal 1025)
   defining Unicode char U+0402 (decimal 1026)
   defining Unicode char U+0403 (decimal 1027)
   defining Unicode char U+0404 (decimal 1028)
   defining Unicode char U+0405 (decimal 1029)
   defining Unicode char U+0406 (decimal 1030)
   defining Unicode char U+0407 (decimal 1031)
   defining Unicode char U+0408 (decimal 1032)
   defining Unicode char U+0409 (decimal 1033)
   defining Unicode char U+040A (decimal 1034)
   defining Unicode char U+040B (decimal 1035)
   defining Unicode char U+040C (decimal 1036)
   defining Unicode char U+040D (decimal 1037)
   defining Unicode char U+040E (decimal 1038)
   defining Unicode char U+040F (decimal 1039)
   defining Unicode char U+0410 (decimal 1040)
   defining Unicode char U+0411 (decimal 1041)
   defining Unicode char U+0412 (decimal 1042)
   defining Unicode char U+0413 (decimal 1043)
   defining Unicode char U+0414 (decimal 1044)
   defining Unicode char U+0415 (decimal 1045)
   defining Unicode char U+0416 (decimal 1046)
   defining Unicode char U+0417 (decimal 1047)
   defining Unicode char U+0418 (decimal 1048)
   defining Unicode char U+0419 (decimal 1049)
   defining Unicode char U+041A (decimal 1050)
   defining Unicode char U+041B (decimal 1051)
   defining Unicode char U+041C (decimal 1052)
   defining Unicode char U+041D (decimal 1053)
   defining Unicode char U+041E (decimal 1054)
   defining Unicode char U+041F (decimal 1055)
   defining Unicode char U+0420 (decimal 1056)
   defining Unicode char U+0421 (decimal 1057)
   defining Unicode char U+0422 (decimal 1058)
   defining Unicode char U+0423 (decimal 1059)
   defining Unicode char U+0424 (decimal 1060)
   defining Unicode char U+0425 (decimal 1061)
   defining Unicode char U+0426 (decimal 1062)
   defining Unicode char U+0427 (decimal 1063)
   defining Unicode char U+0428 (decimal 1064)
   defining Unicode char U+0429 (decimal 1065)
   defining Unicode char U+042A (decimal 1066)
   defining Unicode char U+042B (decimal 1067)
   defining Unicode char U+042C (decimal 1068)
   defining Unicode char U+042D (decimal 1069)
   defining Unicode char U+042E (decimal 1070)
   defining Unicode char U+042F (decimal 1071)
   defining Unicode char U+0430 (decimal 1072)
   defining Unicode char U+0431 (decimal 1073)
   defining Unicode char U+0432 (decimal 1074)
   defining Unicode char U+0433 (decimal 1075)
   defining Unicode char U+0434 (decimal 1076)
   defining Unicode char U+0435 (decimal 1077)
   defining Unicode char U+0436 (decimal 1078)
   defining Unicode char U+0437 (decimal 1079)
   defining Unicode char U+0438 (decimal 1080)
   defining Unicode char U+0439 (decimal 1081)
   defining Unicode char U+043A (decimal 1082)
   defining Unicode char U+043B (decimal 1083)
   defining Unicode char U+043C (decimal 1084)
   defining Unicode char U+043D (decimal 1085)
   defining Unicode char U+043E (decimal 1086)
   defining Unicode char U+043F (decimal 1087)
   defining Unicode char U+0440 (decimal 1088)
   defining Unicode char U+0441 (decimal 1089)
   defining Unicode char U+0442 (decimal 1090)
   defining Unicode char U+0443 (decimal 1091)
   defining Unicode char U+0444 (decimal 1092)
   defining Unicode char U+0445 (decimal 1093)
   defining Unicode char U+0446 (decimal 1094)
   defining Unicode char U+0447 (decimal 1095)
   defining Unicode char U+0448 (decimal 1096)
   defining Unicode char U+0449 (decimal 1097)
   defining Unicode char U+044A (decimal 1098)
   defining Unicode char U+044B (decimal 1099)
   defining Unicode char U+044C (decimal 1100)
   defining Unicode char U+044D (decimal 1101)
   defining Unicode char U+044E (decimal 1102)
   defining Unicode char U+044F (decimal 1103)
   defining Unicode char U+0450 (decimal 1104)
   defining Unicode char U+0451 (decimal 1105)
   defining Unicode char U+0452 (decimal 1106)
   defining Unicode char U+0453 (decimal 1107)
   defining Unicode char U+0454 (decimal 1108)
   defining Unicode char U+0455 (decimal 1109)
   defining Unicode char U+0456 (decimal 1110)
   defining Unicode char U+0457 (decimal 1111)
   defining Unicode char U+0458 (decimal 1112)
   defining Unicode char U+0459 (decimal 1113)
   defining Unicode char U+045A (decimal 1114)
   defining Unicode char U+045B (decimal 1115)
   defining Unicode char U+045C (decimal 1116)
   defining Unicode char U+045D (decimal 1117)
   defining Unicode char U+045E (decimal 1118)
   defining Unicode char U+045F (decimal 1119)
   defining Unicode char U+0490 (decimal 1168)
   defining Unicode char U+0491 (decimal 1169)
   defining Unicode char U+0492 (decimal 1170)
   defining Unicode char U+0493 (decimal 1171)
   defining Unicode char U+0496 (decimal 1174)
   defining Unicode char U+0497 (decimal 1175)
   defining Unicode char U+0498 (decimal 1176)
   defining Unicode char U+0499 (decimal 1177)
   defining Unicode char U+049A (decimal 1178)
   defining Unicode char U+049B (decimal 1179)
   defining Unicode char U+049C (decimal 1180)
   defining Unicode char U+049D (decimal 1181)
   defining Unicode char U+04A0 (decimal 1184)
   defining Unicode char U+04A1 (decimal 1185)
   defining Unicode char U+04A2 (decimal 1186)
   defining Unicode char U+04A3 (decimal 1187)
   defining Unicode char U+04A4 (decimal 1188)
   defining Unicode char U+04A5 (decimal 1189)
   defining Unicode char U+04AA (decimal 1194)
   defining Unicode char U+04AB (decimal 1195)
   defining Unicode char U+04AE (decimal 1198)
   defining Unicode char U+04AF (decimal 1199)
   defining Unicode char U+04B0 (decimal 1200)
   defining Unicode char U+04B1 (decimal 1201)
   defining Unicode char U+04B2 (decimal 1202)
   defining Unicode char U+04B3 (decimal 1203)
   defining Unicode char U+04B6 (decimal 1206)
   defining Unicode char U+04B7 (decimal 1207)
   defining Unicode char U+04B8 (decimal 1208)
   defining Unicode char U+04B9 (decimal 1209)
   defining Unicode char U+04BA (decimal 1210)
   defining Unicode char U+04BB (decimal 1211)
   defining Unicode char U+04C0 (decimal 1216)
   defining Unicode char U+04C1 (decimal 1217)
   defining Unicode char U+04C2 (decimal 1218)
   defining Unicode char U+04D0 (decimal 1232)
   defining Unicode char U+04D1 (decimal 1233)
   defining Unicode char U+04D2 (decimal 1234)
   defining Unicode char U+04D3 (decimal 1235)
   defining Unicode char U+04D4 (decimal 1236)
   defining Unicode char U+04D5 (decimal 1237)
   defining Unicode char U+04D6 (decimal 1238)
   defining Unicode char U+04D7 (decimal 1239)
   defining Unicode char U+04D8 (decimal 1240)
   defining Unicode char U+04D9 (decimal 1241)
   defining Unicode char U+04DA (decimal 1242)
   defining Unicode char U+04DB (decimal 1243)
   defining Unicode char U+04DC (decimal 1244)
   defining Unicode char U+04DD (decimal 1245)
   defining Unicode char U+04DE (decimal 1246)
   defining Unicode char U+04DF (decimal 1247)
   defining Unicode char U+04E2 (decimal 1250)
   defining Unicode char U+04E3 (decimal 1251)
   defining Unicode char U+04E4 (decimal 1252)
   defining Unicode char U+04E5 (decimal 1253)
   defining Unicode char U+04E6 (decimal 1254)
   defining Unicode char U+04E7 (decimal 1255)
   defining Unicode char U+04E8 (decimal 1256)
   defining Unicode char U+04E9 (decimal 1257)
   defining Unicode char U+04EC (decimal 1260)
   defining Unicode char U+04ED (decimal 1261)
   defining Unicode char U+04EE (decimal 1262)
   defining Unicode char U+04EF (decimal 1263)
   defining Unicode char U+04F0 (decimal 1264)
   defining Unicode char U+04F1 (decimal 1265)
   defining Unicode char U+04F2 (decimal 1266)
   defining Unicode char U+04F3 (decimal 1267)
   defining Unicode char U+04F4 (decimal 1268)
   defining Unicode char U+04F5 (decimal 1269)
   defining Unicode char U+04F8 (decimal 1272)
   defining Unicode char U+04F9 (decimal 1273)
   defining Unicode char U+200C (decimal 8204)
   defining Unicode char U+2013 (decimal 8211)
   defining Unicode char U+2014 (decimal 8212)
   defining Unicode char U+2018 (decimal 8216)
   defining Unicode char U+2019 (decimal 8217)
   defining Unicode char U+201C (decimal 8220)
   defining Unicode char U+201D (decimal 8221)
   defining Unicode char U+201E (decimal 8222)
   defining Unicode char U+2030 (decimal 8240)
   defining Unicode char U+2031 (decimal 8241)
   defining Unicode char U+2116 (decimal 8470)
   defining Unicode char U+2329 (decimal 9001)
   defining Unicode char U+3008 (decimal 12296)
   defining Unicode char U+232A (decimal 9002)
   defining Unicode char U+3009 (decimal 12297)
   defining Unicode char U+2423 (decimal 9251)
   defining Unicode char U+27E8 (decimal 10216)
   defining Unicode char U+27E9 (decimal 10217)
   defining Unicode char U+FB00 (decimal 64256)
   defining Unicode char U+FB01 (decimal 64257)
   defining Unicode char U+FB02 (decimal 64258)
   defining Unicode char U+FB03 (decimal 64259)
   defining Unicode char U+FB04 (decimal 64260)
   defining Unicode char U+FB05 (decimal 64261)
   defining Unicode char U+FB06 (decimal 64262)
)))
(/usr/share/texlive/texmf-dist/tex/latex/base/inputenc.sty
Package: inputenc 2024/02/08 v1.3d Input encoding file
\inpenc@prehook=\toks33
\inpenc@posthook=\toks34
)
(/usr/share/texmf/tex/latex/lm/lmodern.sty
Package: lmodern 2015/05/01 v1.6.1 Latin Modern Fonts
LaTeX Font Info:    Overwriting symbol font `operators' in version `normal'
(Font)                  OT1/cmr/m/n --> OT1/lmr/m/n on input line 22.
LaTeX Font Info:    Overwriting symbol font `letters' in version `normal'
(Font)                  OML/cmm/m/it --> OML/lmm/m/it on input line 23.
LaTeX Font Info:    Overwriting symbol font `symbols' in version `normal'
(Font)                  OMS/cmsy/m/n --> OMS/lmsy/m/n on input line 24.
LaTeX Font Info:    Overwriting symbol font `largesymbols' in version `normal'
(Font)                  OMX/cmex/m/n --> OMX/lmex/m/n on input line 25.
LaTeX Font Info:    Overwriting symbol font `operators' in version `bold'
(Font)                  OT1/cmr/bx/n --> OT1/lmr/bx/n on input line 26.
LaTeX Font Info:    Overwriting symbol font `letters' in version `bold'
(Font)                  OML/cmm/b/it --> OML/lmm/b/it on input line 27.
LaTeX Font Info:    Overwriting symbol font `symbols' in version `bold'
(Font)                  OMS/cmsy/b/n --> OMS/lmsy/b/n on input line 28.
LaTeX Font Info:    Overwriting symbol font `largesymbols' in version `bold'
(Font)                  OMX/cmex/m/n --> OMX/lmex/m/n on input line 29.
LaTeX Font Info:    Overwriting math alphabet `\mathbf' in version `normal'
(Font)                  OT1/cmr/bx/n --> OT1/lmr/bx/n on input line 31.
LaTeX Font Info:    Overwriting math alphabet `\mathsf' in version `normal'
(Font)                  OT1/cmss/m/n --> OT1/lmss/m/n on input line 32.
LaTeX Font Info:    Overwriting math alphabet `\mathit' in version `normal'
(Font)                  OT1/cmr/m/it --> OT1/lmr/m/it on input line 33.
LaTeX Font Info:    Overwriting math alphabet `\mathtt' in version `normal'
(Font)                  OT1/cmtt/m/n --> OT1/lmtt/m/n on input line 34.
LaTeX Font Info:    Overwriting math alphabet `\mathbf' in version `bold'
(Font)                  OT1/cmr/bx/n --> OT1/lmr/bx/n on input line 35.
LaTeX Font Info:    Overwriting math alphabet `\mathsf' in version `bold'
(Font)                  OT1/cmss/bx/n --> OT1/lmss/bx/n on input line 36.
LaTeX Font Info:    Overwriting math alphabet `\mathit' in version `bold'
(Font)                  OT1/cmr/bx/it --> OT1/lmr/bx/it on input line 37.
LaTeX Font Info:    Overwriting math alphabet `\mathtt' in version `bold'
(Font)                  OT1/cmtt/m/n --> OT1/lmtt/m/n on input line 38.
)
(/usr/share/texlive/texmf-dist/tex/generic/babel/babel.sty
Package: babel 2026/01/18 v26.1 The multilingual framework for LuaLaTeX, pdfLaT
eX and XeLaTeX
\babel@savecnt=\count365
LaTeX Encoding Info:    Redeclaring text command \ij (encoding OT1) on input li
ne 2078.
LaTeX Encoding Info:    Redeclaring text command \IJ (encoding OT1) on input li
ne 2080.
LaTeX Encoding Info:    Redeclaring text command \ij (encoding T1) on input lin
e 2082.
LaTeX Encoding Info:    Redeclaring text command \IJ (encoding T1) on input lin
e 2083.
LaTeX Encoding Info:    Ignoring declaration for text command \ij (encoding ?) 
on input line 2084.
LaTeX Encoding Info:    Ignoring declaration for text command \IJ (encoding ?) 
on input line 2086.
LaTeX Encoding Info:    Ignoring declaration for text command \SS (encoding ?) 
on input line 2111.
\U@D=\dimen195
\l@unhyphenated=\language3

(/usr/share/texlive/texmf-dist/tex/generic/babel/txtbabel.def)
\bbl@readstream=\read3
\bbl@dirlevel=\count366

(/usr/share/texlive/texmf-dist/tex/generic/babel/locale/ru/babel-russian.tex)
(/usr/share/texlive/texmf-dist/tex/generic/babel/locale/en/babel-english.tex)
Package babel Info: Importing font and identification data for russian
(babel)             from babel-ru.ini. Reported on input line 4330.

(/home/kali/texmf/tex/generic/babel-russian/russianb.ldf
File: russianb.ldf 2021/01/10 1.3m Russian support for the Babel system
Language: russian 2020/09/09 1.3k Russian support for the Babel system


Package babel Warning: No hyphenation patterns were preloaded for
(babel)                the language 'Russian' into the format.
(babel)                Please, configure your TeX system to add them and
(babel)                rebuild the format. Now I will use the patterns
(babel)                preloaded for \language=0 instead on input line 32.

Package babel Info: Hyphen rules for 'russian' set to \l@english
(babel)             (\language0). Reported on input line 33.
Package babel Info: Making " an active character on input line 124.
Package babel Info: Default for \cyrdash is provided on input line 163.
)
Package babel Info: Importing font and identification data for english
(babel)             from babel-en.ini. Reported on input line 4330.
 (/usr/share/texlive/texmf-dist/tex/generic/babel-english/english.ldf
Language: english 2017/06/06 v3.3r English support from the babel system
Package babel Info: Hyphen rules for 'british' set to \l@english
(babel)             (\language0). Reported on input line 82.
Package babel Info: Hyphen rules for 'UKenglish' set to \l@english
(babel)             (\language0). Reported on input line 83.
Package babel Info: Hyphen rules for 'canadian' set to \l@english
(babel)             (\language0). Reported on input line 102.
Package babel Info: Hyphen rules for 'australian' set to \l@english
(babel)             (\language0). Reported on input line 105.
Package babel Info: Hyphen rules for 'newzealand' set to \l@english
(babel)             (\language0). Reported on input line 108.
))
\main@idxfile=\write4
\openout4 = `main.idx'.


Writing index file main.idx 
(/usr/share/texlive/texmf-dist/tex/latex/import/import.sty
Package: import 2020/04/01  v 6.2
)
(/usr/share/texlive/texmf-dist/tex/latex/amsfonts/amsfonts.sty
Package: amsfonts 2013/01/14 v3.01 Basic AMSFonts support
\symAMSa=\mathgroup4
\symAMSb=\mathgroup5
LaTeX Font Info:    Redeclaring math symbol \hbar on input line 98.
LaTeX Font Info:    Overwriting math alphabet `\mathfrak' in version `bold'
(Font)                  U/euf/m/n --> U/euf/b/n on input line 106.
)
(/usr/share/texlive/texmf-dist/tex/latex/amsmath/amsmath.sty
Package: amsmath 2025/07/09 v2.17z AMS math features
\@mathmargin=\skip192

For additional information on amsmath, use the `?' option.
(/usr/share/texlive/texmf-dist/tex/latex/amsmath/amstext.sty
Package: amstext 2024/11/17 v2.01 AMS text
)
(/usr/share/texlive/texmf-dist/tex/latex/amsmath/amsbsy.sty
Package: amsbsy 1999/11/29 v1.2d Bold Symbols
\pmbraise@=\dimen196
)
(/usr/share/texlive/texmf-dist/tex/latex/amsmath/amsopn.sty
Package: amsopn 2022/04/08 v2.04 operator names
)
\inf@bad=\count367
LaTeX Info: Redefining \frac on input line 233.
\uproot@=\count368
\leftroot@=\count369
LaTeX Info: Redefining \overline on input line 398.
LaTeX Info: Redefining \colon on input line 409.
\classnum@=\count370
\DOTSCASE@=\count371
LaTeX Info: Redefining \ldots on input line 495.
LaTeX Info: Redefining \dots on input line 498.
LaTeX Info: Redefining \cdots on input line 619.
\Mathstrutbox@=\box59
\strutbox@=\box60
LaTeX Info: Redefining \big on input line 721.
LaTeX Info: Redefining \Big on input line 722.
LaTeX Info: Redefining \bigg on input line 723.
LaTeX Info: Redefining \Bigg on input line 724.
\big@size=\dimen197
LaTeX Font Info:    Redeclaring font encoding OML on input line 742.
LaTeX Font Info:    Redeclaring font encoding OMS on input line 743.
\macc@depth=\count372
LaTeX Info: Redefining \bmod on input line 904.
LaTeX Info: Redefining \pmod on input line 909.
LaTeX Info: Redefining \smash on input line 939.
LaTeX Info: Redefining \relbar on input line 969.
LaTeX Info: Redefining \Relbar on input line 970.
\c@MaxMatrixCols=\count373
\dotsspace@=\muskip17
\c@parentequation=\count374
\dspbrk@lvl=\count375
\tag@help=\toks35
\row@=\count376
\column@=\count377
\maxfields@=\count378
\andhelp@=\toks36
\eqnshift@=\dimen198
\alignsep@=\dimen199
\tagshift@=\dimen256
\tagwidth@=\dimen257
\totwidth@=\dimen258
\lineht@=\dimen259
\@envbody=\toks37
\multlinegap=\skip193
\multlinetaggap=\skip194
\mathdisplay@stack=\toks38
LaTeX Info: Redefining \[ on input line 2950.
LaTeX Info: Redefining \] on input line 2951.
)
(/usr/share/texlive/texmf-dist/tex/latex/amsfonts/amssymb.sty
Package: amssymb 2013/01/14 v3.01 AMS font symbols
)
(/usr/share/texlive/texmf-dist/tex/latex/amscls/amsthm.sty
Package: amsthm 2020/05/29 v2.20.6
\thm@style=\toks39
\thm@bodyfont=\toks40
\thm@headfont=\toks41
\thm@notefont=\toks42
\thm@headpunct=\toks43
\thm@preskip=\skip195
\thm@postskip=\skip196
\thm@headsep=\skip197
\dth@everypar=\toks44
)
(/usr/share/texlive/texmf-dist/tex/latex/base/newlfont.sty
Package: newlfont 1998/08/17 v2.2m Standard LaTeX package
LaTeX Info: Redefining \em on input line 57.

(/usr/share/texlive/texmf-dist/tex/latex/base/latexsym.sty
Package: latexsym 1998/08/17 v2.2e Standard LaTeX package (lasy symbols)
\symlasy=\mathgroup6
LaTeX Font Info:    Overwriting symbol font `lasy' in version `bold'
(Font)                  U/lasy/m/n --> U/lasy/b/n on input line 52.
))
(/usr/share/texlive/texmf-dist/tex/latex/layouts/layouts.sty
Package: layouts 2009/09/02 v2.6d graphical depiction of document elements
\l@ylen=\skip198
\layoutsbox=\box61
\l@youtunitlength=\skip199
\l@youtlinethick=\skip256
\l@youtlinethickii=\skip257
\l@ysetupparskip=\skip258
\l@ysetupbaselineskip=\skip259
\l@yonem=\skip260
\l@yonex=\skip261
\l@ylmarg=\skip262
\l@yrmarg=\skip263
\l@yitmindent=\skip264
\l@ylblwidth=\skip265
\l@ylblsep=\skip266
\l@ylparindent=\skip267
\l@ytsep=\skip268
\l@ypskip=\skip269
\l@yptsep=\skip270
\l@ypsep=\skip271
\l@yitmsep=\skip272
\l@ytok=\toks45
\l@youtpw=\count379
\l@youtph=\count380
\l@youthpi=\count381
\l@youthpii=\count382
\l@youthpiii=\count383
\l@youthpiv=\count384
\l@youthpv=\count385
\l@youthpvi=\count386
\l@youthpvii=\count387
\l@youtparskip=\count388
\l@youtvpi=\count389
\l@youtvpii=\count390
\l@youtvpiii=\count391
\l@youtvpiv=\count392
\l@youtvpv=\count393
\l@youtvpvi=\count394
\l@youtvpvii=\count395
\l@youthdo=\count396
\l@youthdi=\count397
\l@youthdii=\count398
\l@youthdiii=\count399
\l@youthdiv=\count400
\l@youthdv=\count401
\l@youthdvi=\count402
\l@youthdvii=\count403
\l@youtvdo=\count404
\l@youtvdi=\count405
\l@youtvdii=\count406
\l@youtvdiii=\count407
\l@youtvdiv=\count408
\l@youtvdv=\count409
\l@youtvdvi=\count410
\l@youtvdvii=\count411
\l@youtvdviii=\count412
\l@youtxci=\count413
\l@youtxcii=\count414
\l@youtxciii=\count415
\l@youtxciv=\count416
\l@youtxcv=\count417
\l@youtxcvi=\count418
\l@youtyci=\count419
\l@youtycii=\count420
\l@youtyciii=\count421
\l@youtyciv=\count422
\l@youtycv=\count423
\l@youtycvi=\count424
\l@youtycvii=\count425
\l@youtycviii=\count426
\l@youtxco=\count427
\l@youtyco=\count428
\l@ytempdima=\skip273
)
(/usr/share/texlive/texmf-dist/tex/latex/graphics/graphicx.sty
Package: graphicx 2024/12/31 v1.2e Enhanced LaTeX Graphics (DPC,SPQR)

(/usr/share/texlive/texmf-dist/tex/latex/graphics/graphics.sty
Package: graphics 2024/08/06 v1.4g Standard LaTeX Graphics (DPC,SPQR)

(/usr/share/texlive/texmf-dist/tex/latex/graphics/trig.sty
Package: trig 2023/12/02 v1.11 sin cos tan (DPC)
)
(/usr/share/texlive/texmf-dist/tex/latex/graphics-cfg/graphics.cfg
File: graphics.cfg 2016/06/04 v1.11 sample graphics configuration
)
Package graphics Info: Driver file: pdftex.def on input line 106.

(/usr/share/texlive/texmf-dist/tex/latex/graphics-def/pdftex.def
File: pdftex.def 2025/09/29 v1.2d Graphics/color driver for pdftex
))
\Gin@req@height=\dimen260
\Gin@req@width=\dimen261
)
(/usr/share/texlive/texmf-dist/tex/latex/float/float.sty
Package: float 2001/11/08 v1.3d Float enhancements (AL)
\c@float@type=\count429
\float@exts=\toks46
\float@box=\box62
\@float@everytoks=\toks47
\@floatcapt=\box63
)
(/usr/share/texlive/texmf-dist/tex/latex/natbib/natbib.sty
Package: natbib 2010/09/13 8.31b (PWD, AO)
\bibhang=\skip274
\bibsep=\skip275
LaTeX Info: Redefining \cite on input line 694.
\c@NAT@ctr=\count430
)
(/usr/share/texlive/texmf-dist/tex/latex/url/url.sty
\Urlmuskip=\muskip18
Package: url 2013/09/16  ver 3.4  Verb mode for urls, etc.
)
(/usr/share/texlive/texmf-dist/tex/latex/hyperref/hyperref.sty
Package: hyperref 2025-07-12 v7.01o Hypertext links for LaTeX

(/usr/share/texlive/texmf-dist/tex/generic/kvdefinekeys/kvdefinekeys.sty
Package: kvdefinekeys 2019-12-19 v1.6 Define keys (HO)
)
(/usr/share/texlive/texmf-dist/tex/generic/pdfescape/pdfescape.sty
Package: pdfescape 2019/12/09 v1.15 Implements pdfTeX's escape features (HO)

(/usr/share/texlive/texmf-dist/tex/generic/pdftexcmds/pdftexcmds.sty
Package: pdftexcmds 2020-06-27 v0.33 Utility functions of pdfTeX for LuaTeX (HO
)
Package pdftexcmds Info: \pdf@primitive is available.
Package pdftexcmds Info: \pdf@ifprimitive is available.
Package pdftexcmds Info: \pdfdraftmode found.
))
(/usr/share/texlive/texmf-dist/tex/latex/hycolor/hycolor.sty
Package: hycolor 2020-01-27 v1.10 Color options for hyperref/bookmark (HO)
)
(/usr/share/texlive/texmf-dist/tex/generic/stringenc/stringenc.sty
Package: stringenc 2019/11/29 v1.12 Convert strings between diff. encodings (HO
)
)
\@linkdim=\dimen262
\Hy@linkcounter=\count431
\Hy@pagecounter=\count432

(/usr/share/texlive/texmf-dist/tex/latex/hyperref/pd1enc.def
File: pd1enc.def 2025-07-12 v7.01o Hyperref: PDFDocEncoding definition (HO)
Now handling font encoding PD1 ...
... no UTF-8 mapping file for font encoding PD1
)
(/usr/share/texlive/texmf-dist/tex/generic/intcalc/intcalc.sty
Package: intcalc 2019/12/15 v1.3 Expandable calculations with integers (HO)
)
\Hy@SavedSpaceFactor=\count433

(/usr/share/texlive/texmf-dist/tex/latex/hyperref/puenc.def
File: puenc.def 2025-07-12 v7.01o Hyperref: PDF Unicode definition (HO)
Now handling font encoding PU ...
... no UTF-8 mapping file for font encoding PU
)
Package hyperref Info: Option `unicode' set `true' on input line 3160.
Package hyperref Info: Option `colorlinks' set `true' on input line 4066.
Package hyperref Info: Hyper figures OFF on input line 4195.
Package hyperref Info: Link nesting OFF on input line 4200.
Package hyperref Info: Hyper index ON on input line 4203.
Package hyperref Info: Plain pages OFF on input line 4210.
Package hyperref Info: Backreferencing OFF on input line 4215.
Package hyperref Info: Implicit mode ON; LaTeX internals redefined.
Package hyperref Info: Bookmarks ON on input line 4462.
\c@Hy@tempcnt=\count434
LaTeX Info: Redefining \url on input line 4801.
\XeTeXLinkMargin=\dimen263

(/usr/share/texlive/texmf-dist/tex/generic/bitset/bitset.sty
Package: bitset 2019/12/09 v1.3 Handle bit-vector datatype (HO)

(/usr/share/texlive/texmf-dist/tex/generic/bigintcalc/bigintcalc.sty
Package: bigintcalc 2019/12/15 v1.5 Expandable calculations on big integers (HO
)
))
\Fld@menulength=\count435
\Field@Width=\dimen264
\Fld@charsize=\dimen265
Package hyperref Info: Hyper figures OFF on input line 6078.
Package hyperref Info: Link nesting OFF on input line 6083.
Package hyperref Info: Hyper index ON on input line 6086.
Package hyperref Info: backreferencing OFF on input line 6093.
Package hyperref Info: Link coloring ON on input line 6096.
Package hyperref Info: Link coloring with OCG OFF on input line 6103.
Package hyperref Info: PDF/A mode OFF on input line 6108.
\Hy@abspage=\count436
\c@Item=\count437
\c@Hfootnote=\count438
)
Package hyperref Info: Driver (autodetected): hpdftex.

(/usr/share/texlive/texmf-dist/tex/latex/hyperref/hpdftex.def
File: hpdftex.def 2025-07-12 v7.01o Hyperref driver for pdfTeX
\Fld@listcount=\count439
\c@bookmark@seq@number=\count440

(/usr/share/texlive/texmf-dist/tex/latex/rerunfilecheck/rerunfilecheck.sty
Package: rerunfilecheck 2025-06-21 v1.11 Rerun checks for auxiliary files (HO)

(/usr/share/texlive/texmf-dist/tex/generic/uniquecounter/uniquecounter.sty
Package: uniquecounter 2019/12/15 v1.4 Provide unlimited unique counter (HO)
)
Package uniquecounter Info: New unique counter `rerunfilecheck' on input line 2
84.
)
\Hy@SectionHShift=\skip276
)
(/usr/share/texlive/texmf-dist/tex/latex/memoir/memhfixc.sty
Package: memhfixc 2025/09/16 v1.24 hyperref package fixes for memoir class
\c@memhycontfloat=\count441
\c@mem@Hpagenote=\count442
)
(/usr/share/texlive/texmf-dist/tex/latex/mdwtools/footnote.sty
Package: footnote 1997/01/28 1.13 Save footnotes around boxes
\fn@notes=\box64
\fn@width=\dimen266
)
(/usr/share/texlive/texmf-dist/tex/latex/pgf/basiclayer/pgf.sty
(/usr/share/texlive/texmf-dist/tex/latex/pgf/utilities/pgfrcs.sty
(/usr/share/texlive/texmf-dist/tex/generic/pgf/utilities/pgfutil-common.tex
\pgfutil@everybye=\toks48
\pgfutil@tempdima=\dimen267
\pgfutil@tempdimb=\dimen268
)
(/usr/share/texlive/texmf-dist/tex/generic/pgf/utilities/pgfutil-latex.def
\pgfutil@abb=\box65
)
(/usr/share/texlive/texmf-dist/tex/generic/pgf/utilities/pgfrcs.code.tex
(/usr/share/texlive/texmf-dist/tex/generic/pgf/pgf.revision.tex)
Package: pgfrcs 2025-08-29 v3.1.11a (3.1.11a)
))
Package: pgf 2025-08-29 v3.1.11a (3.1.11a)

(/usr/share/texlive/texmf-dist/tex/latex/pgf/basiclayer/pgfcore.sty
(/usr/share/texlive/texmf-dist/tex/latex/pgf/systemlayer/pgfsys.sty
(/usr/share/texlive/texmf-dist/tex/generic/pgf/systemlayer/pgfsys.code.tex
Package: pgfsys 2025-08-29 v3.1.11a (3.1.11a)

(/usr/share/texlive/texmf-dist/tex/generic/pgf/utilities/pgfkeys.code.tex
\pgfkeys@pathtoks=\toks49
\pgfkeys@temptoks=\toks50

(/usr/share/texlive/texmf-dist/tex/generic/pgf/utilities/pgfkeyslibraryfiltered
.code.tex
\pgfkeys@tmptoks=\toks51
))
\pgf@x=\dimen269
\pgf@y=\dimen270
\pgf@xa=\dimen271
\pgf@ya=\dimen272
\pgf@xb=\dimen273
\pgf@yb=\dimen274
\pgf@xc=\dimen275
\pgf@yc=\dimen276
\pgf@xd=\dimen277
\pgf@yd=\dimen278
\w@pgf@writea=\write5
\r@pgf@reada=\read4
\c@pgf@counta=\count443
\c@pgf@countb=\count444
\c@pgf@countc=\count445
\c@pgf@countd=\count446
\t@pgf@toka=\toks52
\t@pgf@tokb=\toks53
\t@pgf@tokc=\toks54
\pgf@sys@id@count=\count447
 (/usr/share/texlive/texmf-dist/tex/generic/pgf/systemlayer/pgf.cfg
File: pgf.cfg 2025-08-29 v3.1.11a (3.1.11a)
)
Driver file for pgf: pgfsys-pdftex.def
(/usr/share/texlive/texmf-dist/tex/generic/pgf/systemlayer/pgfsys-pdftex.def
File: pgfsys-pdftex.def 2025-08-29 v3.1.11a (3.1.11a)

(/usr/share/texlive/texmf-dist/tex/generic/pgf/systemlayer/pgfsys-common-pdf.de
f
File: pgfsys-common-pdf.def 2025-08-29 v3.1.11a (3.1.11a)
)))
(/usr/share/texlive/texmf-dist/tex/generic/pgf/systemlayer/pgfsyssoftpath.code.
tex
File: pgfsyssoftpath.code.tex 2025-08-29 v3.1.11a (3.1.11a)
\pgfsyssoftpath@smallbuffer@items=\count448
\pgfsyssoftpath@bigbuffer@items=\count449
)
(/usr/share/texlive/texmf-dist/tex/generic/pgf/systemlayer/pgfsysprotocol.code.
tex
File: pgfsysprotocol.code.tex 2025-08-29 v3.1.11a (3.1.11a)
)) (/usr/share/texlive/texmf-dist/tex/latex/xcolor/xcolor.sty
Package: xcolor 2024/09/29 v3.02 LaTeX color extensions (UK)

(/usr/share/texlive/texmf-dist/tex/latex/graphics-cfg/color.cfg
File: color.cfg 2016/01/02 v1.6 sample color configuration
)
Package xcolor Info: Driver file: pdftex.def on input line 274.

(/usr/share/texlive/texmf-dist/tex/latex/graphics/mathcolor.ltx)
Package xcolor Info: Model `cmy' substituted by `cmy0' on input line 1349.
Package xcolor Info: Model `hsb' substituted by `rgb' on input line 1353.
Package xcolor Info: Model `RGB' extended on input line 1365.
Package xcolor Info: Model `HTML' substituted by `rgb' on input line 1367.
Package xcolor Info: Model `Hsb' substituted by `hsb' on input line 1368.
Package xcolor Info: Model `tHsb' substituted by `hsb' on input line 1369.
Package xcolor Info: Model `HSB' substituted by `hsb' on input line 1370.
Package xcolor Info: Model `Gray' substituted by `gray' on input line 1371.
Package xcolor Info: Model `wave' substituted by `hsb' on input line 1372.
)
(/usr/share/texlive/texmf-dist/tex/generic/pgf/basiclayer/pgfcore.code.tex
Package: pgfcore 2025-08-29 v3.1.11a (3.1.11a)

(/usr/share/texlive/texmf-dist/tex/generic/pgf/math/pgfmath.code.tex
(/usr/share/texlive/texmf-dist/tex/generic/pgf/math/pgfmathutil.code.tex)
(/usr/share/texlive/texmf-dist/tex/generic/pgf/math/pgfmathparser.code.tex
\pgfmath@dimen=\dimen279
\pgfmath@count=\count450
\pgfmath@box=\box66
\pgfmath@toks=\toks55
\pgfmath@stack@operand=\toks56
\pgfmath@stack@operation=\toks57
)
(/usr/share/texlive/texmf-dist/tex/generic/pgf/math/pgfmathfunctions.code.tex)
(/usr/share/texlive/texmf-dist/tex/generic/pgf/math/pgfmathfunctions.basic.code
.tex)
(/usr/share/texlive/texmf-dist/tex/generic/pgf/math/pgfmathfunctions.trigonomet
ric.code.tex)
(/usr/share/texlive/texmf-dist/tex/generic/pgf/math/pgfmathfunctions.random.cod
e.tex)
(/usr/share/texlive/texmf-dist/tex/generic/pgf/math/pgfmathfunctions.comparison
.code.tex)
(/usr/share/texlive/texmf-dist/tex/generic/pgf/math/pgfmathfunctions.base.code.
tex)
(/usr/share/texlive/texmf-dist/tex/generic/pgf/math/pgfmathfunctions.round.code
.tex)
(/usr/share/texlive/texmf-dist/tex/generic/pgf/math/pgfmathfunctions.misc.code.
tex)
(/usr/share/texlive/texmf-dist/tex/generic/pgf/math/pgfmathfunctions.integerari
thmetics.code.tex)
(/usr/share/texlive/texmf-dist/tex/generic/pgf/math/pgfmathcalc.code.tex)
(/usr/share/texlive/texmf-dist/tex/generic/pgf/math/pgfmathfloat.code.tex
\c@pgfmathroundto@lastzeros=\count451
))
(/usr/share/texlive/texmf-dist/tex/generic/pgf/math/pgfint.code.tex)
(/usr/share/texlive/texmf-dist/tex/generic/pgf/basiclayer/pgfcorepoints.code.te
x
File: pgfcorepoints.code.tex 2025-08-29 v3.1.11a (3.1.11a)
\pgf@picminx=\dimen280
\pgf@picmaxx=\dimen281
\pgf@picminy=\dimen282
\pgf@picmaxy=\dimen283
\pgf@pathminx=\dimen284
\pgf@pathmaxx=\dimen285
\pgf@pathminy=\dimen286
\pgf@pathmaxy=\dimen287
\pgf@xx=\dimen288
\pgf@xy=\dimen289
\pgf@yx=\dimen290
\pgf@yy=\dimen291
\pgf@zx=\dimen292
\pgf@zy=\dimen293
)
(/usr/share/texlive/texmf-dist/tex/generic/pgf/basiclayer/pgfcorepathconstruct.
code.tex
File: pgfcorepathconstruct.code.tex 2025-08-29 v3.1.11a (3.1.11a)
\pgf@path@lastx=\dimen294
\pgf@path@lasty=\dimen295
)
(/usr/share/texlive/texmf-dist/tex/generic/pgf/basiclayer/pgfcorepathusage.code
.tex
File: pgfcorepathusage.code.tex 2025-08-29 v3.1.11a (3.1.11a)
\pgf@shorten@end@additional=\dimen296
\pgf@shorten@start@additional=\dimen297
)
(/usr/share/texlive/texmf-dist/tex/generic/pgf/basiclayer/pgfcorescopes.code.te
x
File: pgfcorescopes.code.tex 2025-08-29 v3.1.11a (3.1.11a)
\pgfpic=\box67
\pgf@hbox=\box68
\pgf@layerbox@main=\box69
\pgf@picture@serial@count=\count452
)
(/usr/share/texlive/texmf-dist/tex/generic/pgf/basiclayer/pgfcoregraphicstate.c
ode.tex
File: pgfcoregraphicstate.code.tex 2025-08-29 v3.1.11a (3.1.11a)
\pgflinewidth=\dimen298
)
(/usr/share/texlive/texmf-dist/tex/generic/pgf/basiclayer/pgfcoretransformation
s.code.tex
File: pgfcoretransformations.code.tex 2025-08-29 v3.1.11a (3.1.11a)
\pgf@pt@x=\dimen299
\pgf@pt@y=\dimen300
\pgf@pt@temp=\dimen301
)
(/usr/share/texlive/texmf-dist/tex/generic/pgf/basiclayer/pgfcorequick.code.tex
File: pgfcorequick.code.tex 2025-08-29 v3.1.11a (3.1.11a)
)
(/usr/share/texlive/texmf-dist/tex/generic/pgf/basiclayer/pgfcoreobjects.code.t
ex
File: pgfcoreobjects.code.tex 2025-08-29 v3.1.11a (3.1.11a)
)
(/usr/share/texlive/texmf-dist/tex/generic/pgf/basiclayer/pgfcorepathprocessing
.code.tex
File: pgfcorepathprocessing.code.tex 2025-08-29 v3.1.11a (3.1.11a)
)
(/usr/share/texlive/texmf-dist/tex/generic/pgf/basiclayer/pgfcorearrows.code.te
x
File: pgfcorearrows.code.tex 2025-08-29 v3.1.11a (3.1.11a)
\pgfarrowsep=\dimen302
)
(/usr/share/texlive/texmf-dist/tex/generic/pgf/basiclayer/pgfcoreshade.code.tex
File: pgfcoreshade.code.tex 2025-08-29 v3.1.11a (3.1.11a)
\pgf@max=\dimen303
\pgf@sys@shading@range@num=\count453
\pgf@shadingcount=\count454
)
(/usr/share/texlive/texmf-dist/tex/generic/pgf/basiclayer/pgfcoreimage.code.tex
File: pgfcoreimage.code.tex 2025-08-29 v3.1.11a (3.1.11a)
)
(/usr/share/texlive/texmf-dist/tex/generic/pgf/basiclayer/pgfcoreexternal.code.
tex
File: pgfcoreexternal.code.tex 2025-08-29 v3.1.11a (3.1.11a)
\pgfexternal@startupbox=\box70
)
(/usr/share/texlive/texmf-dist/tex/generic/pgf/basiclayer/pgfcorelayers.code.te
x
File: pgfcorelayers.code.tex 2025-08-29 v3.1.11a (3.1.11a)
)
(/usr/share/texlive/texmf-dist/tex/generic/pgf/basiclayer/pgfcoretransparency.c
ode.tex
File: pgfcoretransparency.code.tex 2025-08-29 v3.1.11a (3.1.11a)
)
(/usr/share/texlive/texmf-dist/tex/generic/pgf/basiclayer/pgfcorepatterns.code.
tex
File: pgfcorepatterns.code.tex 2025-08-29 v3.1.11a (3.1.11a)
)
(/usr/share/texlive/texmf-dist/tex/generic/pgf/basiclayer/pgfcorerdf.code.tex
File: pgfcorerdf.code.tex 2025-08-29 v3.1.11a (3.1.11a)
)))
(/usr/share/texlive/texmf-dist/tex/generic/pgf/modules/pgfmoduleshapes.code.tex
File: pgfmoduleshapes.code.tex 2025-08-29 v3.1.11a (3.1.11a)
\pgfnodeparttextbox=\box71
) (/usr/share/texlive/texmf-dist/tex/generic/pgf/modules/pgfmoduleplot.code.tex
File: pgfmoduleplot.code.tex 2025-08-29 v3.1.11a (3.1.11a)
)
(/usr/share/texlive/texmf-dist/tex/latex/pgf/compatibility/pgfcomp-version-1-18
.sty
Package: pgfcomp-version-1-18 2025-08-29 v3.1.11a (3.1.11a)
)) (/usr/share/texlive/texmf-dist/tex/latex/listings/listings.sty
\lst@mode=\count455
\lst@gtempboxa=\box72
\lst@token=\toks58
\lst@length=\count456
\lst@currlwidth=\dimen304
\lst@column=\count457
\lst@pos=\count458
\lst@lostspace=\dimen305
\lst@width=\dimen306
\lst@newlines=\count459
\lst@lineno=\count460
\lst@maxwidth=\dimen307

(/usr/share/texlive/texmf-dist/tex/latex/listings/lstpatch.sty
File: lstpatch.sty 2025/11/14 1.11b (Carsten Heinz)
)
(/usr/share/texlive/texmf-dist/tex/latex/listings/lstmisc.sty
File: lstmisc.sty 2025/11/14 1.11b (Carsten Heinz)
\c@lstnumber=\count461
\lst@skipnumbers=\count462
\lst@framebox=\box73
)
(/usr/share/texlive/texmf-dist/tex/latex/listings/listings.cfg
File: listings.cfg 2025/11/14 1.11b listings configuration
))
Package: listings 2025/11/14 1.11b (Carsten Heinz)

==> First Aid for listings.sty no longer applied!
    Expected:
        2024/09/23 1.10c (Carsten Heinz)
    but found:
        2025/11/14 1.11b (Carsten Heinz)
    so I'm assuming it got fixed.
(/usr/share/texlive/texmf-dist/tex/latex/enumitem/enumitem.sty
Package: enumitem 2025/02/06 v3.11 Customized lists
\labelindent=\skip277
\enit@outerparindent=\dimen308
\enit@toks=\toks59
\enit@inbox=\box74
\enit@count@id=\count463
\enitdp@description=\count464
)
(/usr/share/texlive/texmf-dist/tex/latex/lipsum/lipsum.sty
(/usr/share/texlive/texmf-dist/tex/latex/l3packages/l3keys2e/l3keys2e.sty
Package: l3keys2e 2025-10-09 LaTeX2e option processing using LaTeX3 keys
)
Package: lipsum 2021-09-20 v2.7 150 paragraphs of Lorem Ipsum dummy text
\g__lipsum_par_int=\count465
\l__lipsum_a_int=\count466
\l__lipsum_b_int=\count467

(/usr/share/texlive/texmf-dist/tex/latex/lipsum/lipsum.ltd.tex))
(/usr/share/texlive/texmf-dist/tex/latex/caption/subcaption.sty
Package: subcaption 2023/07/28 v1.6b Sub-captions (AR)

(/usr/share/texlive/texmf-dist/tex/latex/caption/caption.sty
Package: caption 2023/08/05 v3.6o Customizing captions (AR)

(/usr/share/texlive/texmf-dist/tex/latex/caption/caption3.sty
Package: caption3 2023/07/31 v2.4d caption3 kernel (AR)
\caption@tempdima=\dimen309
\captionmargin=\dimen310
\caption@leftmargin=\dimen311
\caption@rightmargin=\dimen312
\caption@width=\dimen313
\caption@indent=\dimen314
\caption@parindent=\dimen315
\caption@hangindent=\dimen316
Package caption Info: memoir document class detected.

(/usr/share/texlive/texmf-dist/tex/latex/caption/caption-memoir.sto
File: caption-memoir.sto 2023/09/08 v2.2c Adaption of the caption package to th
e memoir document class (AR)
))
\c@caption@flags=\count468
\c@continuedfloat=\count469
Package caption Info: changepage package is loaded.
\caption@adjustwidth@hsize=\dimen317
\caption@adjustwidth@linewidth=\dimen318
Package caption Info: float package is loaded.
Package caption Info: hyperref package is loaded.
Package caption Info: listings package is loaded.
)
Package caption Info: New subtype `subfigure' on input line 238.
\c@subfigure=\count470
Package caption Info: New subtype `subtable' on input line 238.
\c@subtable=\count471
)
(/usr/share/texlive/texmf-dist/tex/latex/tools/longtable.sty
Package: longtable 2025-10-13 v4.24 Multi-page Table package (DPC)
\LTleft=\skip278
\LTright=\skip279
\LTpre=\skip280
\LTpost=\skip281
\LTchunksize=\count472
\LTcapwidth=\dimen319
\LT@head=\box75
\LT@firsthead=\box76
\LT@foot=\box77
\LT@lastfoot=\box78
\LT@gbox=\box79
\LT@cols=\count473
\LT@rows=\count474
\c@LT@tables=\count475
\c@LT@chunks=\count476
\LT@p@ftn=\toks60
)
\c@theo=\count477
\c@prop=\count478
\c@dfn=\count479
\c@lema=\count480
\c@cor=\count481
\c@resu=\count482
LaTeX Font Info:    Trying to load font information for T1+lmr on input line 13
0.

(/usr/share/texmf/tex/latex/lm/t1lmr.fd
File: t1lmr.fd 2015/05/01 v1.6.1 Font defs for Latin Modern
) (./main.aux
LaTeX Font Info:    Trying to load font information for T2A+lmr on input line 1
3.
LaTeX Font Info:    No file T2Almr.fd. on input line 13.
LaTeX Font Info:    Trying to load font information for T2A+cmr on input line 1
3.

(/home/kali/texmf/tex/latex/cyrillic/t2acmr.fd
File: t2acmr.fd 2001/08/11 v1.0a Computer Modern Cyrillic font definitions
)

LaTeX Font Warning: Font shape `T2A/lmr/m/n' undefined
(Font)              using `T2A/cmr/m/n' instead on input line 13.

Package babel Info: 'russian' activates 'russian' shorthands.
(babel)             Reported on input line 13.
)
\openout1 = `main.aux'.

LaTeX Font Info:    Checking defaults for OML/cmm/m/it on input line 130.
LaTeX Font Info:    ... okay on input line 130.
LaTeX Font Info:    Checking defaults for OMS/cmsy/m/n on input line 130.
LaTeX Font Info:    ... okay on input line 130.
LaTeX Font Info:    Checking defaults for OT1/cmr/m/n on input line 130.
LaTeX Font Info:    ... okay on input line 130.
LaTeX Font Info:    Checking defaults for T1/cmr/m/n on input line 130.
LaTeX Font Info:    ... okay on input line 130.
LaTeX Font Info:    Checking defaults for TS1/cmr/m/n on input line 130.
LaTeX Font Info:    ... okay on input line 130.
LaTeX Font Info:    Checking defaults for OMX/cmex/m/n on input line 130.
LaTeX Font Info:    ... okay on input line 130.
LaTeX Font Info:    Checking defaults for U/cmr/m/n on input line 130.
LaTeX Font Info:    ... okay on input line 130.
LaTeX Font Info:    Checking defaults for T2A/cmr/m/n on input line 130.
LaTeX Font Info:    ... okay on input line 130.
LaTeX Font Info:    Checking defaults for PD1/pdf/m/n on input line 130.
LaTeX Font Info:    ... okay on input line 130.
LaTeX Font Info:    Checking defaults for PU/pdf/m/n on input line 130.
LaTeX Font Info:    ... okay on input line 130.
Package nag Info: pgf.sty is broken: disabling dollar check on input line 130.


Class memoir Warning: \addtodef is marked deprecated and will be
(memoir)              removed in 2026, use instead \patchcmd,
(memoir)              \pretocmd or \apptocmd from the etoolbox package
(memoir)              (which is autoloaded by the class) on input line 130.

LaTeX Info: Redefining \microtypecontext on input line 130.
Package microtype Info: Applying patch `item' on input line 130.
Package microtype Info: Applying patch `toc' on input line 130.
Package microtype Info: Applying patch `eqnum' on input line 130.
Package microtype Info: Applying patch `footnote' on input line 130.
Package microtype Info: Applying patch `verbatim' on input line 130.
LaTeX Info: Redefining \microtypesetup on input line 130.
Package microtype Info: Generating PDF output.
Package microtype Info: Character protrusion enabled (level 2).
Package microtype Info: Using default protrusion set `alltext'.
Package microtype Info: No font expansion.
Package microtype Info: No adjustment of tracking.
Package microtype Info: No adjustment of interword spacing.
Package microtype Info: No adjustment of character kerning.
(/usr/share/texlive/texmf-dist/tex/latex/microtype/mt-cmr.cfg
File: mt-cmr.cfg 2013/05/19 v2.2 microtype config. file: Computer Modern Roman 
(RS)
)
LaTeX Info: Redefining \th on input line 130.


Package layouts Warning: Layout scale set to 0.5 on input line 130.

(/usr/share/texlive/texmf-dist/tex/context/base/mkii/supp-pdf.mkii
[Loading MPS to PDF converter (version 2006.09.02).]
\scratchcounter=\count483
\scratchdimen=\dimen320
\scratchbox=\box80
\nofMPsegments=\count484
\nofMParguments=\count485
\everyMPshowfont=\toks61
\MPscratchCnt=\count486
\MPscratchDim=\dimen321
\MPnumerator=\count487
\makeMPintoPDFobject=\count488
\everyMPtoPDFconversion=\toks62
) (/usr/share/texlive/texmf-dist/tex/latex/epstopdf-pkg/epstopdf-base.sty
Package: epstopdf-base 2020-01-24 v2.11 Base part for package epstopdf
Package epstopdf-base Info: Redefining graphics rule for `.eps' on input line 4
85.

(/usr/share/texlive/texmf-dist/tex/latex/latexconfig/epstopdf-sys.cfg
File: epstopdf-sys.cfg 2010/07/13 v1.3 Configuration of (r)epstopdf for TeX Liv
e
))
Package hyperref Info: Link coloring ON on input line 130.

(./main.out) (./main.out)
\@outlinefile=\write6
\openout6 = `main.out'.

\c@lstlisting=\count489
Package caption Info: Begin \AtBeginDocument code.
Package caption Info: longtable package is loaded.

(/usr/share/texlive/texmf-dist/tex/latex/caption/ltcaption.sty
Package: ltcaption 2021/01/08 v1.4c longtable captions (AR)
)
Package caption Info: End \AtBeginDocument code.
Package nag Info: Command \captionabove not defined, skipping amendment on inpu
t line 130.
Package nag Info: Command \captionbelow not defined, skipping amendment on inpu
t line 130.
Package nag Info: Command \hc@caption not defined, skipping amendment on input 
line 130.
Package nag Info: Command \topcaption not defined, skipping amendment on input 
line 130.

(./frontmatter/title.tex
Package microtype Info: Character `029' is missing
(microtype)             in font `T1/lmr/m/sc/14.4'.
(microtype)             Ignoring protrusion settings for this character.
<logos/AITU.png, id=360, 137.01187pt x 78.2925pt>
File: logos/AITU.png Graphic file (type png)
<use logos/AITU.png>
Package pdftex.def Info: logos/AITU.png  used on input line 23.
(pdftex.def)             Requested size: 164.41342pt x 93.95052pt.
LaTeX Font Info:    Trying to load font information for OT1+lmr on input line 3
1.
 (/usr/share/texmf/tex/latex/lm/ot1lmr.fd
File: ot1lmr.fd 2015/05/01 v1.6.1 Font defs for Latin Modern
)
LaTeX Font Info:    Trying to load font information for OML+lmm on input line 3
1.

(/usr/share/texmf/tex/latex/lm/omllmm.fd
File: omllmm.fd 2015/05/01 v1.6.1 Font defs for Latin Modern
)
LaTeX Font Info:    Trying to load font information for OMS+lmsy on input line 
31.

(/usr/share/texmf/tex/latex/lm/omslmsy.fd
File: omslmsy.fd 2015/05/01 v1.6.1 Font defs for Latin Modern
)
LaTeX Font Info:    Trying to load font information for OMX+lmex on input line 
31.

(/usr/share/texmf/tex/latex/lm/omxlmex.fd
File: omxlmex.fd 2015/05/01 v1.6.1 Font defs for Latin Modern
)
LaTeX Font Info:    External font `lmex10' loaded for size
(Font)              <12> on input line 31.
LaTeX Font Info:    External font `lmex10' loaded for size
(Font)              <8> on input line 31.
LaTeX Font Info:    External font `lmex10' loaded for size
(Font)              <6> on input line 31.
LaTeX Font Info:    Trying to load font information for U+msa on input line 31.


(/usr/share/texlive/texmf-dist/tex/latex/amsfonts/umsa.fd
File: umsa.fd 2013/01/14 v3.01 AMS symbols A
)
(/usr/share/texlive/texmf-dist/tex/latex/microtype/mt-msa.cfg
File: mt-msa.cfg 2006/02/04 v1.1 microtype config. file: AMS symbols (a) (RS)
)
LaTeX Font Info:    Trying to load font information for U+msb on input line 31.


(/usr/share/texlive/texmf-dist/tex/latex/amsfonts/umsb.fd
File: umsb.fd 2013/01/14 v3.01 AMS symbols B
)
(/usr/share/texlive/texmf-dist/tex/latex/microtype/mt-msb.cfg
File: mt-msb.cfg 2005/06/01 v1.0 microtype config. file: AMS symbols (b) (RS)
)
LaTeX Font Info:    Trying to load font information for U+lasy on input line 31
.

(/usr/share/texlive/texmf-dist/tex/latex/base/ulasy.fd
File: ulasy.fd 1998/08/17 v2.2e LaTeX symbol font definitions
) [1


{/home/kali/.texlive2025/texmf-var/fonts/map/pdftex/updmap/pdftex.map}{/usr/sha
re/texmf/fonts/enc/dvips/lm/lm-ec.enc} <./logos/AITU.png>]) (./frontmatter/abst
ract.tex
LaTeX Font Info:    Trying to load font information for T1+lmtt on input line 7
.

(/usr/share/texmf/tex/latex/lm/t1lmtt.fd
File: t1lmtt.fd 2015/05/01 v1.6.1 Font defs for Latin Modern
)
Package microtype Info: Loading generic protrusion settings for font family
(microtype)             `lmtt' (encoding: T1).
(microtype)             For optimal results, create family-specific settings.
(microtype)             See the microtype manual for details.
) [1


]
Package microtype Info: Character `029' is missing
(microtype)             in font `T1/lmr/m/sc/10.95'.
(microtype)             Ignoring protrusion settings for this character.
 [2]
(./frontmatter/abstract_ru.tex

LaTeX Font Warning: Font shape `T2A/lmr/bx/n' undefined
(Font)              using `T2A/lmr/m/n' instead on input line 4.


Underfull \hbox (badness 2626) in paragraph at lines 8--9
\T2A/lmr/bx/n/12 ¬ данном дипломном проекте представлены проектирование, реализ
аци€ и
 []


Underfull \hbox (badness 2608) in paragraph at lines 8--9
\T2A/lmr/bx/n/12 анализ конфигурации и широкий спектр модулей проверки у€звимос
тей в
 []


LaTeX Font Warning: Font shape `T2A/lmr/m/it' undefined
(Font)              using `T2A/lmr/m/n' instead on input line 10.


Underfull \hbox (badness 1360) in paragraph at lines 10--11
[]\T2A/lmr/bx/n/12 ‘реймворк реализован на Python 3 и организован в виде конвей
ера из
 []


Underfull \hbox (badness 2426) in paragraph at lines 10--11
\T2A/lmr/bx/n/12 46 специализированных модулей, сгруппированных в 15 этапов исп
олнени€.
 []


Underfull \hbox (badness 1661) in paragraph at lines 10--11
\T2A/lmr/bx/n/12 заголовков безопасности, CORS, аутентификационных cookie-файло
в и JWT-
 []


Underfull \hbox (badness 2846) in paragraph at lines 10--11
\T2A/lmr/bx/n/12 OWASP и MITRE ATT&CK; коррел€тор и модуль рисков активов затем

 []


Underfull \hbox (badness 2310) in paragraph at lines 10--11
\T2A/lmr/bx/n/12 (Ol-la-ma / DeepSeek-R1) формирует по€снительный аналитический
 отчЉт по
 []

LaTeX Font Info:    Trying to load font information for T2A+lmtt on input line 
12.
LaTeX Font Info:    No file T2Almtt.fd. on input line 12.

LaTeX Font Warning: Font shape `T2A/lmtt/m/n' undefined
(Font)              using `T2A/cmr/m/n' instead on input line 12.

Package microtype Info: Loading generic protrusion settings for font family
(microtype)             `lmtt' (encoding: T2A).
(microtype)             For optimal results, create family-specific settings.
(microtype)             See the microtype manual for details.

Underfull \hbox (badness 4060) in paragraph at lines 12--13
[]\T2A/lmtt/m/n/12 Ёкспериментальна€ оценка была проведена в двух взаимодополн€
ющих
 []


Underfull \hbox (badness 1824) in paragraph at lines 12--13
\T2A/lmtt/m/n/12 услови€х: контролируемый лабораторный запуск против заведомо у
€звимого
 []

[3


]
Underfull \hbox (badness 10000) in paragraph at lines 14--15
[]\T2A/lmtt/m/n/12 –езультаты подтверждают, что предложенный метод делает внешн
ее
 []


Underfull \hbox (badness 1210) in paragraph at lines 16--17
\T2A/lmr/bx/n/10.95 OWASP Top 10; разведка; сканирование у€звимостей; коррел€ци
€ находок; анализ
 []


LaTeX Font Warning: Font shape `T2A/lmr/m/sc' undefined
(Font)              using `T2A/lmr/m/n' instead on input line 19.

Package babel Info: 'russian' activates 'russian' shorthands.
(babel)             Reported on input line 19.
[4]) (./frontmatter/abstract_kz.tex
Underfull \hbox (badness 1122) in paragraph at lines 12--13
[]\T2A/lmtt/m/n/12 ‘реймворк Python 3 тiлiнде iске асырыл°ан жЇне 15 орындау са
тысына
 []


Underfull \hbox (badness 1552) in paragraph at lines 12--13
\T2A/lmtt/m/n/12 топтастырыл°ан 46 мамандандырыл°ан модульден тіратын конвейер 
ретiнде
 []


Underfull \hbox (badness 6348) in paragraph at lines 12--13
\T2A/lmtt/m/n/12 ійымдастырыл°ан. Ѕарлау модульдерi ©осал©ы домендер, DNS-жазба
лары,
 []


Underfull \hbox (badness 1112) in paragraph at lines 12--13
\T2A/lmtt/m/n/12 Host та©ырыбыны≠ инъекци€сы, кэштi улау, прототиптi ластау, аш
ы© ©айта
 []


Underfull \hbox (badness 1297) in paragraph at lines 12--13
\T2A/lmtt/m/n/12 тЇуекелi модулi е≠ осал активтердi басымдылы©©а ©о€ды. ∆ергiлi
ктi ≥лкен
 []


Underfull \hbox (badness 4543) in paragraph at lines 14--15
\T2A/lmtt/m/n/12 жасал°ан OWASP Juice Shop нысанына ©арсы ба©ыланатын зертханал
ы©
 []


Underfull \hbox (badness 1337) in paragraph at lines 14--15
\T2A/lmtt/m/n/12 iске ©осу жЇне ∞згертетiн сіраулар°а жол бермейтiн bug_bounty 
режимiнде
 []


Underfull \hbox (badness 3128) in paragraph at lines 16--17
\T2A/lmtt/m/n/12 т≥сiндiрмелi жЇне уа©ыт жа°ынан тиiмдiрек ететiнiн растайды, б
іл ретте
 []

[5


] [6]) (./frontmatter/dedication.tex [7


]) (./frontmatter/declaration.tex
Package microtype Info: Character `029' is missing
(microtype)             in font `T1/lmr/m/sc/12'.
(microtype)             Ignoring protrusion settings for this character.

[8


] [9]) (./frontmatter/definitions.tex [10


]) (./frontmatter/dda.tex [11]
[12

] [13]) (./main.lot

LaTeX Font Warning: Font shape `T1/lmr/bx/sc' undefined
(Font)              using `T1/lmr/bx/n' instead on input line 11.

) [14] (./main.lof) [15] (./main.toc [16] [17] [18]) (./frontmatter/intro.tex
[19] [20

] [21]) [22] [23] (./chapters/chapter01/theoretical.tex
Chapter 1.
LaTeX Font Info:    Trying to load font information for TS1+lmr on input line 1
4.
(/usr/share/texmf/tex/latex/lm/ts1lmr.fd
File: ts1lmr.fd 2015/05/01 v1.6.1 Font defs for Latin Modern
)
pdfTeX warning (ext4): destination with the same identifier (name{page.1}) has 
been already used, duplicate ignored
<to be read again> 
                   \relax 
l.15   \item \textbf
                    {Grey-box} testing: the tester has limited internal info...
[1


{/usr/share/texmf/fonts/enc/dvips/lm/lm-ts1.enc}] [2] [3] [4] [5] [6]
[7]
LaTeX Font Info:    External font `lmex10' loaded for size
(Font)              <10> on input line 113.
LaTeX Font Info:    External font `lmex10' loaded for size
(Font)              <7> on input line 113.
LaTeX Font Info:    External font `lmex10' loaded for size
(Font)              <5> on input line 113.
 [8] [9]) (./chapters/chapter02/design.tex [10]
Chapter 2.
[11

] [12]
LaTeX Font Info:    External font `lmex10' loaded for size
(Font)              <10.95> on input line 63.

Underfull \hbox (badness 2452) in paragraph at lines 63--63
\T1/lmr/bx/n/10.95 Group 1--5: Re-con-nais-sance \T1/lmr/m/n/10.95 (re-con, se-
cret_scanner, portscan, web-de-tect,
 []


Underfull \hbox (badness 1168) in paragraph at lines 63--63
\T1/lmr/m/n/10.95 tech-stack, spa_crawler, fuzzer, ssl_checker, cors_checker, a
uth_probe, cm-scan,
 []


Underfull \hbox (badness 10000) in paragraph at lines 63--63
\T1/lmr/bx/n/10.95 Group 7--9: Probes \T1/lmr/m/n/10.95 (http_smuggling, jwt_au
dit, web-socket_probe,
 []


Underfull \hbox (badness 10000) in paragraph at lines 63--63
\T1/lmr/m/n/10.95 api_schema_audit, js_security_audit, oauth_probe, cache_poiso
n,
 []


Underfull \hbox (badness 10000) in paragraph at lines 63--63
\T1/lmr/m/n/10.95 host_header_injection, open_redirect_probe, pro-to-type_pollu
tion, de-se-ri-al-iza-
 []


Underfull \hbox (badness 3148) in paragraph at lines 63--63
\T1/lmr/bx/n/10.95 Find-ing reg-istry $\OMS/lmsy/m/n/10.95 !$ \T1/lmr/bx/n/10.9
5 Re-port-ing layer $\OMS/lmsy/m/n/10.95 !$ \T1/lmtt/m/n/10.95 report.html \T1/
lmr/m/n/10.95 / \T1/lmtt/m/n/10.95 report.json \T1/lmr/m/n/10.95 /
 []

[13]
Underfull \hbox (badness 10000) in paragraph at lines 88--88
[]|\T1/lmtt/m/n/10.95 exec(cmd,
 []


Underfull \hbox (badness 4013) in paragraph at lines 89--89
[]|\T1/lmtt/m/n/10.95 save_json\T1/lmr/m/n/10.95 , \T1/lmtt/m/n/10.95 save_text
\T1/lmr/m/n/10.95 ,
 []


Underfull \hbox (badness 10000) in paragraph at lines 90--90
[]|\T1/lmtt/m/n/10.95 module_config() \T1/lmr/m/n/10.95 (ac-
 []


LaTeX Warning: `h' float specifier changed to `ht'.

[14{/usr/share/texmf/fonts/enc/dvips/lm/lm-mathsy.enc}]
Underfull \hbox (badness 1264) in paragraph at lines 113--113
[]|\T1/lmr/m/n/10.95 Technology fin-ger-print-
 []


Underfull \hbox (badness 1132) in paragraph at lines 114--114
[]|\T1/lmr/m/n/10.95 Surface and con-fig-u-ra-
 []


Underfull \hbox (badness 10000) in paragraph at lines 114--115
[]|\T1/lmr/m/n/10.95 fuzzer, ssl_checker, cors_checker,
 []


Underfull \hbox (badness 1584) in paragraph at lines 115--115
[]|\T1/lmr/m/n/10.95 CMS and OS-INT en-
 []


Underfull \hbox (badness 10000) in paragraph at lines 115--116
[]|\T1/lmr/m/n/10.95 cmscan, sourcemap_analyzer,
 []


Underfull \hbox (badness 10000) in paragraph at lines 115--116
\T1/lmr/m/n/10.95 vhost_enum, takeover_checker, ope-
 []


Underfull \hbox (badness 10000) in paragraph at lines 117--118
[]|\T1/lmr/m/n/10.95 http_smuggling, jwt_audit, web-
 []


Underfull \hbox (badness 10000) in paragraph at lines 117--118
\T1/lmr/m/n/10.95 socket_probe, api_schema_audit,
 []


Underfull \hbox (badness 10000) in paragraph at lines 118--119
[]|\T1/lmr/m/n/10.95 oauth_probe, cache_poison,
 []


Underfull \hbox (badness 10000) in paragraph at lines 118--119
\T1/lmr/m/n/10.95 host_header_injection,
 []


Underfull \hbox (badness 10000) in paragraph at lines 118--119
\T1/lmr/m/n/10.95 open_redirect_probe, pro-to-
 []


Underfull \hbox (badness 10000) in paragraph at lines 118--119
\T1/lmr/m/n/10.95 type_pollution, de-se-ri-al-iza-tion_probe,
 []


Underfull \hbox (badness 10000) in paragraph at lines 120--121
[]|\T1/lmr/m/n/10.95 injection_probe, xss, sql_injection,
 []


Underfull \hbox (badness 10000) in paragraph at lines 122--122
[]|\T1/lmr/m/n/10.95 Component CVE
 []


Underfull \hbox (badness 10000) in paragraph at lines 123--123
[]|\T1/lmr/m/n/10.95 Cross-finding cor-re-la-
 []


LaTeX Warning: `h' float specifier changed to `ht'.

[15] [16]
Underfull \hbox (badness 2205) in paragraph at lines 159--160
[]|\T1/lmr/m/n/10.95 Name of the mod-ule that emit-ted the find-ing (\T1/lmtt/m
/n/10.95 xss\T1/lmr/m/n/10.95 ,
 []


Underfull \hbox (badness 10000) in paragraph at lines 164--165
[]|\T1/lmtt/m/n/10.95 passive\T1/lmr/m/n/10.95 , \T1/lmtt/m/n/10.95 candidate\T
1/lmr/m/n/10.95 , \T1/lmtt/m/n/10.95 requires_auth\T1/lmr/m/n/10.95 , \T1/lmtt/
m/n/10.95 active\T1/lmr/m/n/10.95 , or
 []


LaTeX Warning: `h' float specifier changed to `ht'.

[17]
Underfull \hbox (badness 2368) in paragraph at lines 196--197
\T1/lmr/m/n/12 The con-fig-u-ra-tion ac-cepts a \T1/lmtt/m/n/12 scope \T1/lmr/m
/n/12 block with three lists: \T1/lmtt/m/n/12 allowed_domains\T1/lmr/m/n/12 ,
 []


Underfull \hbox (badness 10000) in paragraph at lines 196--197
\T1/lmtt/m/n/12 allowed_ips\T1/lmr/m/n/12 , and \T1/lmtt/m/n/12 excluded\T1/lmr
/m/n/12 . When-ever a mod-ule calls the in-her-ited
 []


Underfull \hbox (badness 1337) in paragraph at lines 196--197
\T1/lmtt/m/n/12 http_request(...) \T1/lmr/m/n/12 helper, the helper ex-tracts t
he host from the URL and
 []

[18{/usr/share/texmf/fonts/enc/dvips/lm/lm-rm.enc}{/usr/share/texmf/fonts/enc/d
vips/lm/lm-mathit.enc}] [19]
Underfull \hbox (badness 3407) in paragraph at lines 250--251
[]|\T1/lmr/m/n/10.95 GraphQL end-point al-lows mu-ta-tions anony-
 []


Overfull \hbox (1.3963pt too wide) in paragraph at lines 254--254
[]|\T1/lmtt/m/n/10.95 high_confidence_takeover| 
 []


Underfull \hbox (badness 10000) in paragraph at lines 255--256
[]|\T1/lmr/m/n/10.95 Wildcard / re-flected CORS \T1/lmtt/m/n/10.95 AND
 []


Underfull \hbox (badness 10000) in paragraph at lines 255--256
\T1/lmtt/m/n/10.95 Allow-Credentials: true \T1/lmr/m/n/10.95 on auth end-
 []

[20] [21{/usr/share/texmf/fonts/enc/dvips/lm/lm-mathex.enc}] [22]
<images/04_telegram_summary.png, id=832, 722.7pt x 903.375pt>
File: images/04_telegram_summary.png Graphic file (type png)
<use images/04_telegram_summary.png>
Package pdftex.def Info: images/04_telegram_summary.png  used on input line 303
.
(pdftex.def)             Requested size: 246.40137pt x 307.99806pt.
 [23 <./images/04_telegram_summary.png (PNG copy)>] [24])
(./chapters/chapter03/implementation.tex [25]
Chapter 3.
[26

] [27]
LaTeX Font Info:    Font shape `T1/lmtt/bx/n' in size <14.4> not available
(Font)              Font shape `T1/lmtt/b/n' tried instead on input line 91.
 [28] [29]
(/usr/share/texlive/texmf-dist/tex/latex/listings/lstlang1.sty
File: lstlang1.sty 2025/11/14 1.11b listings language file
)
Package hyperref Info: bookmark level for unknown lstlisting defaults to 0 on i
nput line 118.


! LaTeX Error: Command \CYRL unavailable in encoding T1.

See the LaTeX manual or LaTeX Companion for explanation.
Type  H <return>  for immediate help.
 ...                                              
                                                  
l.118 ...ules/xss.py}).},label={lst:xss-payloads}]
                                                  
Your command was ignored.
Type  I <command> <return>  to replace it with another command,
or  <return>  to continue without it.


! LaTeX Error: Command \cyri unavailable in encoding T1.

See the LaTeX manual or LaTeX Companion for explanation.
Type  H <return>  for immediate help.
 ...                                              
                                                  
l.118 ...ules/xss.py}).},label={lst:xss-payloads}]
                                                  
Your command was ignored.
Type  I <command> <return>  to replace it with another command,
or  <return>  to continue without it.


! LaTeX Error: Command \cyrs unavailable in encoding T1.

See the LaTeX manual or LaTeX Companion for explanation.
Type  H <return>  for immediate help.
 ...                                              
                                                  
l.118 ...ules/xss.py}).},label={lst:xss-payloads}]
                                                  
Your command was ignored.
Type  I <command> <return>  to replace it with another command,
or  <return>  to continue without it.


! LaTeX Error: Command \cyrt unavailable in encoding T1.

See the LaTeX manual or LaTeX Companion for explanation.
Type  H <return>  for immediate help.
 ...                                              
                                                  
l.118 ...ules/xss.py}).},label={lst:xss-payloads}]
                                                  
Your command was ignored.
Type  I <command> <return>  to replace it with another command,
or  <return>  to continue without it.


! LaTeX Error: Command \cyri unavailable in encoding T1.

See the LaTeX manual or LaTeX Companion for explanation.
Type  H <return>  for immediate help.
 ...                                              
                                                  
l.118 ...ules/xss.py}).},label={lst:xss-payloads}]
                                                  
Your command was ignored.
Type  I <command> <return>  to replace it with another command,
or  <return>  to continue without it.


! LaTeX Error: Command \cyrn unavailable in encoding T1.

See the LaTeX manual or LaTeX Companion for explanation.
Type  H <return>  for immediate help.
 ...                                              
                                                  
l.118 ...ules/xss.py}).},label={lst:xss-payloads}]
                                                  
Your command was ignored.
Type  I <command> <return>  to replace it with another command,
or  <return>  to continue without it.


! LaTeX Error: Command \cyrg unavailable in encoding T1.

See the LaTeX manual or LaTeX Companion for explanation.
Type  H <return>  for immediate help.
 ...                                              
                                                  
l.118 ...ules/xss.py}).},label={lst:xss-payloads}]
                                                  
Your command was ignored.
Type  I <command> <return>  to replace it with another command,
or  <return>  to continue without it.


! LaTeX Error: Command \CYRL unavailable in encoding T1.

See the LaTeX manual or LaTeX Companion for explanation.
Type  H <return>  for immediate help.
 ...                                              
                                                  
l.118 ...ules/xss.py}).},label={lst:xss-payloads}]
                                                  
Your command was ignored.
Type  I <command> <return>  to replace it with another command,
or  <return>  to continue without it.


! LaTeX Error: Command \cyri unavailable in encoding T1.

See the LaTeX manual or LaTeX Companion for explanation.
Type  H <return>  for immediate help.
 ...                                              
                                                  
l.118 ...ules/xss.py}).},label={lst:xss-payloads}]
                                                  
Your command was ignored.
Type  I <command> <return>  to replace it with another command,
or  <return>  to continue without it.


! LaTeX Error: Command \cyrs unavailable in encoding T1.

See the LaTeX manual or LaTeX Companion for explanation.
Type  H <return>  for immediate help.
 ...                                              
                                                  
l.118 ...ules/xss.py}).},label={lst:xss-payloads}]
                                                  
Your command was ignored.
Type  I <command> <return>  to replace it with another command,
or  <return>  to continue without it.


! LaTeX Error: Command \cyrt unavailable in encoding T1.

See the LaTeX manual or LaTeX Companion for explanation.
Type  H <return>  for immediate help.
 ...                                              
                                                  
l.118 ...ules/xss.py}).},label={lst:xss-payloads}]
                                                  
Your command was ignored.
Type  I <command> <return>  to replace it with another command,
or  <return>  to continue without it.


! LaTeX Error: Command \cyri unavailable in encoding T1.

See the LaTeX manual or LaTeX Companion for explanation.
Type  H <return>  for immediate help.
 ...                                              
                                                  
l.118 ...ules/xss.py}).},label={lst:xss-payloads}]
                                                  
Your command was ignored.
Type  I <command> <return>  to replace it with another command,
or  <return>  to continue without it.


! LaTeX Error: Command \cyrn unavailable in encoding T1.

See the LaTeX manual or LaTeX Companion for explanation.
Type  H <return>  for immediate help.
 ...                                              
                                                  
l.118 ...ules/xss.py}).},label={lst:xss-payloads}]
                                                  
Your command was ignored.
Type  I <command> <return>  to replace it with another command,
or  <return>  to continue without it.


! LaTeX Error: Command \cyrg unavailable in encoding T1.

See the LaTeX manual or LaTeX Companion for explanation.
Type  H <return>  for immediate help.
 ...                                              
                                                  
l.118 ...ules/xss.py}).},label={lst:xss-payloads}]
                                                  
Your command was ignored.
Type  I <command> <return>  to replace it with another command,
or  <return>  to continue without it.


! LaTeX Error: Command \CYRL unavailable in encoding T1.

See the LaTeX manual or LaTeX Companion for explanation.
Type  H <return>  for immediate help.
 ...                                              
                                                  
l.118 ...ules/xss.py}).},label={lst:xss-payloads}]
                                                  
Your command was ignored.
Type  I <command> <return>  to replace it with another command,
or  <return>  to continue without it.


! LaTeX Error: Command \cyri unavailable in encoding T1.

See the LaTeX manual or LaTeX Companion for explanation.
Type  H <return>  for immediate help.
 ...                                              
                                                  
l.118 ...ules/xss.py}).},label={lst:xss-payloads}]
                                                  
Your command was ignored.
Type  I <command> <return>  to replace it with another command,
or  <return>  to continue without it.


! LaTeX Error: Command \cyrs unavailable in encoding T1.

See the LaTeX manual or LaTeX Companion for explanation.
Type  H <return>  for immediate help.
 ...                                              
                                                  
l.118 ...ules/xss.py}).},label={lst:xss-payloads}]
                                                  
Your command was ignored.
Type  I <command> <return>  to replace it with another command,
or  <return>  to continue without it.


! LaTeX Error: Command \cyrt unavailable in encoding T1.

See the LaTeX manual or LaTeX Companion for explanation.
Type  H <return>  for immediate help.
 ...                                              
                                                  
l.118 ...ules/xss.py}).},label={lst:xss-payloads}]
                                                  
Your command was ignored.
Type  I <command> <return>  to replace it with another command,
or  <return>  to continue without it.


! LaTeX Error: Command \cyri unavailable in encoding T1.

See the LaTeX manual or LaTeX Companion for explanation.
Type  H <return>  for immediate help.
 ...                                              
                                                  
l.118 ...ules/xss.py}).},label={lst:xss-payloads}]
                                                  
Your command was ignored.
Type  I <command> <return>  to replace it with another command,
or  <return>  to continue without it.


! LaTeX Error: Command \cyrn unavailable in encoding T1.

See the LaTeX manual or LaTeX Companion for explanation.
Type  H <return>  for immediate help.
 ...                                              
                                                  
l.118 ...ules/xss.py}).},label={lst:xss-payloads}]
                                                  
Your command was ignored.
Type  I <command> <return>  to replace it with another command,
or  <return>  to continue without it.


! LaTeX Error: Command \cyrg unavailable in encoding T1.

See the LaTeX manual or LaTeX Companion for explanation.
Type  H <return>  for immediate help.
 ...                                              
                                                  
l.118 ...ules/xss.py}).},label={lst:xss-payloads}]
                                                  
Your command was ignored.
Type  I <command> <return>  to replace it with another command,
or  <return>  to continue without it.


! LaTeX Error: Command \CYRL unavailable in encoding T1.

See the LaTeX manual or LaTeX Companion for explanation.
Type  H <return>  for immediate help.
 ...                                              
                                                  
l.118 ...ules/xss.py}).},label={lst:xss-payloads}]
                                                  
Your command was ignored.
Type  I <command> <return>  to replace it with another command,
or  <return>  to continue without it.


! LaTeX Error: Command \cyri unavailable in encoding T1.

See the LaTeX manual or LaTeX Companion for explanation.
Type  H <return>  for immediate help.
 ...                                              
                                                  
l.118 ...ules/xss.py}).},label={lst:xss-payloads}]
                                                  
Your command was ignored.
Type  I <command> <return>  to replace it with another command,
or  <return>  to continue without it.


! LaTeX Error: Command \cyrs unavailable in encoding T1.

See the LaTeX manual or LaTeX Companion for explanation.
Type  H <return>  for immediate help.
 ...                                              
                                                  
l.118 ...ules/xss.py}).},label={lst:xss-payloads}]
                                                  
Your command was ignored.
Type  I <command> <return>  to replace it with another command,
or  <return>  to continue without it.


! LaTeX Error: Command \cyrt unavailable in encoding T1.

See the LaTeX manual or LaTeX Companion for explanation.
Type  H <return>  for immediate help.
 ...                                              
                                                  
l.118 ...ules/xss.py}).},label={lst:xss-payloads}]
                                                  
Your command was ignored.
Type  I <command> <return>  to replace it with another command,
or  <return>  to continue without it.


! LaTeX Error: Command \cyri unavailable in encoding T1.

See the LaTeX manual or LaTeX Companion for explanation.
Type  H <return>  for immediate help.
 ...                                              
                                                  
l.118 ...ules/xss.py}).},label={lst:xss-payloads}]
                                                  
Your command was ignored.
Type  I <command> <return>  to replace it with another command,
or  <return>  to continue without it.


! LaTeX Error: Command \cyrn unavailable in encoding T1.

See the LaTeX manual or LaTeX Companion for explanation.
Type  H <return>  for immediate help.
 ...                                              
                                                  
l.118 ...ules/xss.py}).},label={lst:xss-payloads}]
                                                  
Your command was ignored.
Type  I <command> <return>  to replace it with another command,
or  <return>  to continue without it.


! LaTeX Error: Command \cyrg unavailable in encoding T1.

See the LaTeX manual or LaTeX Companion for explanation.
Type  H <return>  for immediate help.
 ...                                              
                                                  
l.118 ...ules/xss.py}).},label={lst:xss-payloads}]
                                                  
Your command was ignored.
Type  I <command> <return>  to replace it with another command,
or  <return>  to continue without it.

[30]
Underfull \hbox (badness 2564) in paragraph at lines 151--152
\T1/lmr/m/n/12 The cor-re-la-tor and asset-risk mod-ules are pure-Python ag-gre
-ga-tors that read
 []

[31]

LaTeX Warning: `h' float specifier changed to `ht'.

[32]

LaTeX Warning: `h' float specifier changed to `ht'.

[33]
Underfull \hbox (badness 3701) in paragraph at lines 245--245
\T1/lmtt/m/n/10.95 /api/Baskets/{id}\T1/lmr/m/n/10.95 ; miss-ing function-
 []


Underfull \hbox (badness 10000) in paragraph at lines 252--252
[]|\T1/lmr/m/n/10.95 Insecure de-se-ri-al-iza-tion in-di-ca-tors in
 []


Overfull \hbox (11.44164pt too wide) in paragraph at lines 241--257
 [][] 
 []


LaTeX Warning: `h' float specifier changed to `ht'.

LaTeX Font Info:    Font shape `T1/lmtt/bx/n' in size <17.28> not available
(Font)              Font shape `T1/lmtt/b/n' tried instead on input line 265.
[34]
<images/03_live_subdomains.png, id=933, 1405.25pt x 823.075pt>
File: images/03_live_subdomains.png Graphic file (type png)
<use images/03_live_subdomains.png>
Package pdftex.def Info: images/03_live_subdomains.png  used on input line 276.

(pdftex.def)             Requested size: 425.59863pt x 249.27295pt.
 [35]

LaTeX Warning: `h' float specifier changed to `ht'.


LaTeX Warning: `h' float specifier changed to `ht'.

[36 <./images/03_live_subdomains.png (PNG copy)>] [37]
<images/01_top_risk_assets.png, id=953, 1405.25pt x 823.075pt>
File: images/01_top_risk_assets.png Graphic file (type png)
<use images/01_top_risk_assets.png>
Package pdftex.def Info: images/01_top_risk_assets.png  used on input line 362.

(pdftex.def)             Requested size: 425.59863pt x 249.27295pt.

Underfull \hbox (badness 5050) in paragraph at lines 374--375
[]|\T1/lmr/m/n/10.95 388 find-ings; 5 open
 []


Underfull \hbox (badness 10000) in paragraph at lines 377--378
[]|\T1/lmr/m/n/10.95 API sur-face; bro-ken
 []


Underfull \hbox (badness 1342) in paragraph at lines 378--379
[]|\T1/lmr/m/n/10.95 admin sub-do-main; live
 []


LaTeX Warning: `h' float specifier changed to `ht'.

[38 <./images/01_top_risk_assets.png (PNG copy)>]
<images/02_all_findings.png, id=959, 1405.25pt x 903.375pt>
File: images/02_all_findings.png Graphic file (type png)
<use images/02_all_findings.png>
Package pdftex.def Info: images/02_all_findings.png  used on input line 393.
(pdftex.def)             Requested size: 425.59863pt x 273.59227pt.
 [39] [40 <./images/02_all_findings.png (PNG copy)>]
<images/06_html_overview.png, id=972, 1405.25pt x 903.375pt>
File: images/06_html_overview.png Graphic file (type png)
<use images/06_html_overview.png>
Package pdftex.def Info: images/06_html_overview.png  used on input line 412.
(pdftex.def)             Requested size: 412.15918pt x 264.96326pt.
 [41 <./images/06_html_overview.png (PNG copy)>] [42])
[43] (./frontmatter/concl.tex [44


] [45]) (./main.bbl [46] [47

]
Underfull \hbox (badness 10000) in paragraph at lines 64--66
[][][]$\T1/lmtt/m/n/12 https : / / owasp . org / API-[]Security / editions / 20
23 / en /
 []


Underfull \hbox (badness 10000) in paragraph at lines 84--86
[][][]$\T1/lmtt/m/n/12 https : / / owasp . org / www-[]community / attacks / Se
rver _ Side _ Request _ Forgery$[][]\T1/lmr/m/n/12 ,
 []


Underfull \hbox (badness 10000) in paragraph at lines 92--94
[][][]$\T1/lmtt/m/n/12 https : / / portswigger . net / web-[]security / server-
[]side-[]template-[]injection$[][]\T1/lmr/m/n/12 ,
 []

[48]
Underfull \hbox (badness 10000) in paragraph at lines 100--102
[][][]$\T1/lmtt/m/n/12 https : / / owasp . org / www-[]community / vulnerabilit
ies / XML _ External _ Entity _
 []


Underfull \hbox (badness 10000) in paragraph at lines 108--110
[][][]$\T1/lmtt/m/n/12 https : / / cheatsheetseries . owasp . org / cheatsheets
 / Deserialization _
 []

[49]) (./chapters/appendices/appendix.tex [50]

! LaTeX Error: Command \CYRL unavailable in encoding T1.

See the LaTeX manual or LaTeX Companion for explanation.
Type  H <return>  for immediate help.
 ...                                              
                                                  
l.9 ... definition consumed by \texttt{main.py}.}]
                                                  
Your command was ignored.
Type  I <command> <return>  to replace it with another command,
or  <return>  to continue without it.


! LaTeX Error: Command \cyri unavailable in encoding T1.

See the LaTeX manual or LaTeX Companion for explanation.
Type  H <return>  for immediate help.
 ...                                              
                                                  
l.9 ... definition consumed by \texttt{main.py}.}]
                                                  
Your command was ignored.
Type  I <command> <return>  to replace it with another command,
or  <return>  to continue without it.


! LaTeX Error: Command \cyrs unavailable in encoding T1.

See the LaTeX manual or LaTeX Companion for explanation.
Type  H <return>  for immediate help.
 ...                                              
                                                  
l.9 ... definition consumed by \texttt{main.py}.}]
                                                  
Your command was ignored.
Type  I <command> <return>  to replace it with another command,
or  <return>  to continue without it.


! LaTeX Error: Command \cyrt unavailable in encoding T1.

See the LaTeX manual or LaTeX Companion for explanation.
Type  H <return>  for immediate help.
 ...                                              
                                                  
l.9 ... definition consumed by \texttt{main.py}.}]
                                                  
Your command was ignored.
Type  I <command> <return>  to replace it with another command,
or  <return>  to continue without it.


! LaTeX Error: Command \cyri unavailable in encoding T1.

See the LaTeX manual or LaTeX Companion for explanation.
Type  H <return>  for immediate help.
 ...                                              
                                                  
l.9 ... definition consumed by \texttt{main.py}.}]
                                                  
Your command was ignored.
Type  I <command> <return>  to replace it with another command,
or  <return>  to continue without it.


! LaTeX Error: Command \cyrn unavailable in encoding T1.

See the LaTeX manual or LaTeX Companion for explanation.
Type  H <return>  for immediate help.
 ...                                              
                                                  
l.9 ... definition consumed by \texttt{main.py}.}]
                                                  
Your command was ignored.
Type  I <command> <return>  to replace it with another command,
or  <return>  to continue without it.


! LaTeX Error: Command \cyrg unavailable in encoding T1.

See the LaTeX manual or LaTeX Companion for explanation.
Type  H <return>  for immediate help.
 ...                                              
                                                  
l.9 ... definition consumed by \texttt{main.py}.}]
                                                  
Your command was ignored.
Type  I <command> <return>  to replace it with another command,
or  <return>  to continue without it.


! LaTeX Error: Command \CYRL unavailable in encoding T1.

See the LaTeX manual or LaTeX Companion for explanation.
Type  H <return>  for immediate help.
 ...                                              
                                                  
l.9 ... definition consumed by \texttt{main.py}.}]
                                                  
Your command was ignored.
Type  I <command> <return>  to replace it with another command,
or  <return>  to continue without it.


! LaTeX Error: Command \cyri unavailable in encoding T1.

See the LaTeX manual or LaTeX Companion for explanation.
Type  H <return>  for immediate help.
 ...                                              
                                                  
l.9 ... definition consumed by \texttt{main.py}.}]
                                                  
Your command was ignored.
Type  I <command> <return>  to replace it with another command,
or  <return>  to continue without it.


! LaTeX Error: Command \cyrs unavailable in encoding T1.

See the LaTeX manual or LaTeX Companion for explanation.
Type  H <return>  for immediate help.
 ...                                              
                                                  
l.9 ... definition consumed by \texttt{main.py}.}]
                                                  
Your command was ignored.
Type  I <command> <return>  to replace it with another command,
or  <return>  to continue without it.


! LaTeX Error: Command \cyrt unavailable in encoding T1.

See the LaTeX manual or LaTeX Companion for explanation.
Type  H <return>  for immediate help.
 ...                                              
                                                  
l.9 ... definition consumed by \texttt{main.py}.}]
                                                  
Your command was ignored.
Type  I <command> <return>  to replace it with another command,
or  <return>  to continue without it.


! LaTeX Error: Command \cyri unavailable in encoding T1.

See the LaTeX manual or LaTeX Companion for explanation.
Type  H <return>  for immediate help.
 ...                                              
                                                  
l.9 ... definition consumed by \texttt{main.py}.}]
                                                  
Your command was ignored.
Type  I <command> <return>  to replace it with another command,
or  <return>  to continue without it.


! LaTeX Error: Command \cyrn unavailable in encoding T1.

See the LaTeX manual or LaTeX Companion for explanation.
Type  H <return>  for immediate help.
 ...                                              
                                                  
l.9 ... definition consumed by \texttt{main.py}.}]
                                                  
Your command was ignored.
Type  I <command> <return>  to replace it with another command,
or  <return>  to continue without it.


! LaTeX Error: Command \cyrg unavailable in encoding T1.

See the LaTeX manual or LaTeX Companion for explanation.
Type  H <return>  for immediate help.
 ...                                              
                                                  
l.9 ... definition consumed by \texttt{main.py}.}]
                                                  
Your command was ignored.
Type  I <command> <return>  to replace it with another command,
or  <return>  to continue without it.


! LaTeX Error: Command \CYRL unavailable in encoding T1.

See the LaTeX manual or LaTeX Companion for explanation.
Type  H <return>  for immediate help.
 ...                                              
                                                  
l.9 ... definition consumed by \texttt{main.py}.}]
                                                  
Your command was ignored.
Type  I <command> <return>  to replace it with another command,
or  <return>  to continue without it.


! LaTeX Error: Command \cyri unavailable in encoding T1.

See the LaTeX manual or LaTeX Companion for explanation.
Type  H <return>  for immediate help.
 ...                                              
                                                  
l.9 ... definition consumed by \texttt{main.py}.}]
                                                  
Your command was ignored.
Type  I <command> <return>  to replace it with another command,
or  <return>  to continue without it.


! LaTeX Error: Command \cyrs unavailable in encoding T1.

See the LaTeX manual or LaTeX Companion for explanation.
Type  H <return>  for immediate help.
 ...                                              
                                                  
l.9 ... definition consumed by \texttt{main.py}.}]
                                                  
Your command was ignored.
Type  I <command> <return>  to replace it with another command,
or  <return>  to continue without it.


! LaTeX Error: Command \cyrt unavailable in encoding T1.

See the LaTeX manual or LaTeX Companion for explanation.
Type  H <return>  for immediate help.
 ...                                              
                                                  
l.9 ... definition consumed by \texttt{main.py}.}]
                                                  
Your command was ignored.
Type  I <command> <return>  to replace it with another command,
or  <return>  to continue without it.


! LaTeX Error: Command \cyri unavailable in encoding T1.

See the LaTeX manual or LaTeX Companion for explanation.
Type  H <return>  for immediate help.
 ...                                              
                                                  
l.9 ... definition consumed by \texttt{main.py}.}]
                                                  
Your command was ignored.
Type  I <command> <return>  to replace it with another command,
or  <return>  to continue without it.


! LaTeX Error: Command \cyrn unavailable in encoding T1.

See the LaTeX manual or LaTeX Companion for explanation.
Type  H <return>  for immediate help.
 ...                                              
                                                  
l.9 ... definition consumed by \texttt{main.py}.}]
                                                  
Your command was ignored.
Type  I <command> <return>  to replace it with another command,
or  <return>  to continue without it.


! LaTeX Error: Command \cyrg unavailable in encoding T1.

See the LaTeX manual or LaTeX Companion for explanation.
Type  H <return>  for immediate help.
 ...                                              
                                                  
l.9 ... definition consumed by \texttt{main.py}.}]
                                                  
Your command was ignored.
Type  I <command> <return>  to replace it with another command,
or  <return>  to continue without it.


! LaTeX Error: Command \CYRL unavailable in encoding T1.

See the LaTeX manual or LaTeX Companion for explanation.
Type  H <return>  for immediate help.
 ...                                              
                                                  
l.9 ... definition consumed by \texttt{main.py}.}]
                                                  
Your command was ignored.
Type  I <command> <return>  to replace it with another command,
or  <return>  to continue without it.


! LaTeX Error: Command \cyri unavailable in encoding T1.

See the LaTeX manual or LaTeX Companion for explanation.
Type  H <return>  for immediate help.
 ...                                              
                                                  
l.9 ... definition consumed by \texttt{main.py}.}]
                                                  
Your command was ignored.
Type  I <command> <return>  to replace it with another command,
or  <return>  to continue without it.


! LaTeX Error: Command \cyrs unavailable in encoding T1.

See the LaTeX manual or LaTeX Companion for explanation.
Type  H <return>  for immediate help.
 ...                                              
                                                  
l.9 ... definition consumed by \texttt{main.py}.}]
                                                  
Your command was ignored.
Type  I <command> <return>  to replace it with another command,
or  <return>  to continue without it.


! LaTeX Error: Command \cyrt unavailable in encoding T1.

See the LaTeX manual or LaTeX Companion for explanation.
Type  H <return>  for immediate help.
 ...                                              
                                                  
l.9 ... definition consumed by \texttt{main.py}.}]
                                                  
Your command was ignored.
Type  I <command> <return>  to replace it with another command,
or  <return>  to continue without it.


! LaTeX Error: Command \cyri unavailable in encoding T1.

See the LaTeX manual or LaTeX Companion for explanation.
Type  H <return>  for immediate help.
 ...                                              
                                                  
l.9 ... definition consumed by \texttt{main.py}.}]
                                                  
Your command was ignored.
Type  I <command> <return>  to replace it with another command,
or  <return>  to continue without it.


! LaTeX Error: Command \cyrn unavailable in encoding T1.

See the LaTeX manual or LaTeX Companion for explanation.
Type  H <return>  for immediate help.
 ...                                              
                                                  
l.9 ... definition consumed by \texttt{main.py}.}]
                                                  
Your command was ignored.
Type  I <command> <return>  to replace it with another command,
or  <return>  to continue without it.


! LaTeX Error: Command \cyrg unavailable in encoding T1.

See the LaTeX manual or LaTeX Companion for explanation.
Type  H <return>  for immediate help.
 ...                                              
                                                  
l.9 ... definition consumed by \texttt{main.py}.}]
                                                  
Your command was ignored.
Type  I <command> <return>  to replace it with another command,
or  <return>  to continue without it.

[51

]

! LaTeX Error: Command \CYRL unavailable in encoding T1.

See the LaTeX manual or LaTeX Companion for explanation.
Type  H <return>  for immediate help.
 ...                                              
                                                  
l.56 ...le} showing the most important sections.}]
                                                  
Your command was ignored.
Type  I <command> <return>  to replace it with another command,
or  <return>  to continue without it.


! LaTeX Error: Command \cyri unavailable in encoding T1.

See the LaTeX manual or LaTeX Companion for explanation.
Type  H <return>  for immediate help.
 ...                                              
                                                  
l.56 ...le} showing the most important sections.}]
                                                  
Your command was ignored.
Type  I <command> <return>  to replace it with another command,
or  <return>  to continue without it.


! LaTeX Error: Command \cyrs unavailable in encoding T1.

See the LaTeX manual or LaTeX Companion for explanation.
Type  H <return>  for immediate help.
 ...                                              
                                                  
l.56 ...le} showing the most important sections.}]
                                                  
Your command was ignored.
Type  I <command> <return>  to replace it with another command,
or  <return>  to continue without it.


! LaTeX Error: Command \cyrt unavailable in encoding T1.

See the LaTeX manual or LaTeX Companion for explanation.
Type  H <return>  for immediate help.
 ...                                              
                                                  
l.56 ...le} showing the most important sections.}]
                                                  
Your command was ignored.
Type  I <command> <return>  to replace it with another command,
or  <return>  to continue without it.


! LaTeX Error: Command \cyri unavailable in encoding T1.

See the LaTeX manual or LaTeX Companion for explanation.
Type  H <return>  for immediate help.
 ...                                              
                                                  
l.56 ...le} showing the most important sections.}]
                                                  
Your command was ignored.
Type  I <command> <return>  to replace it with another command,
or  <return>  to continue without it.


! LaTeX Error: Command \cyrn unavailable in encoding T1.

See the LaTeX manual or LaTeX Companion for explanation.
Type  H <return>  for immediate help.
 ...                                              
                                                  
l.56 ...le} showing the most important sections.}]
                                                  
Your command was ignored.
Type  I <command> <return>  to replace it with another command,
or  <return>  to continue without it.


! LaTeX Error: Command \cyrg unavailable in encoding T1.

See the LaTeX manual or LaTeX Companion for explanation.
Type  H <return>  for immediate help.
 ...                                              
                                                  
l.56 ...le} showing the most important sections.}]
                                                  
Your command was ignored.
Type  I <command> <return>  to replace it with another command,
or  <return>  to continue without it.


! LaTeX Error: Command \CYRL unavailable in encoding T1.

See the LaTeX manual or LaTeX Companion for explanation.
Type  H <return>  for immediate help.
 ...                                              
                                                  
l.56 ...le} showing the most important sections.}]
                                                  
Your command was ignored.
Type  I <command> <return>  to replace it with another command,
or  <return>  to continue without it.


! LaTeX Error: Command \cyri unavailable in encoding T1.

See the LaTeX manual or LaTeX Companion for explanation.
Type  H <return>  for immediate help.
 ...                                              
                                                  
l.56 ...le} showing the most important sections.}]
                                                  
Your command was ignored.
Type  I <command> <return>  to replace it with another command,
or  <return>  to continue without it.


! LaTeX Error: Command \cyrs unavailable in encoding T1.

See the LaTeX manual or LaTeX Companion for explanation.
Type  H <return>  for immediate help.
 ...                                              
                                                  
l.56 ...le} showing the most important sections.}]
                                                  
Your command was ignored.
Type  I <command> <return>  to replace it with another command,
or  <return>  to continue without it.


! LaTeX Error: Command \cyrt unavailable in encoding T1.

See the LaTeX manual or LaTeX Companion for explanation.
Type  H <return>  for immediate help.
 ...                                              
                                                  
l.56 ...le} showing the most important sections.}]
                                                  
Your command was ignored.
Type  I <command> <return>  to replace it with another command,
or  <return>  to continue without it.


! LaTeX Error: Command \cyri unavailable in encoding T1.

See the LaTeX manual or LaTeX Companion for explanation.
Type  H <return>  for immediate help.
 ...                                              
                                                  
l.56 ...le} showing the most important sections.}]
                                                  
Your command was ignored.
Type  I <command> <return>  to replace it with another command,
or  <return>  to continue without it.


! LaTeX Error: Command \cyrn unavailable in encoding T1.

See the LaTeX manual or LaTeX Companion for explanation.
Type  H <return>  for immediate help.
 ...                                              
                                                  
l.56 ...le} showing the most important sections.}]
                                                  
Your command was ignored.
Type  I <command> <return>  to replace it with another command,
or  <return>  to continue without it.


! LaTeX Error: Command \cyrg unavailable in encoding T1.

See the LaTeX manual or LaTeX Companion for explanation.
Type  H <return>  for immediate help.
 ...                                              
                                                  
l.56 ...le} showing the most important sections.}]
                                                  
Your command was ignored.
Type  I <command> <return>  to replace it with another command,
or  <return>  to continue without it.


! LaTeX Error: Command \CYRL unavailable in encoding T1.

See the LaTeX manual or LaTeX Companion for explanation.
Type  H <return>  for immediate help.
 ...                                              
                                                  
l.56 ...le} showing the most important sections.}]
                                                  
Your command was ignored.
Type  I <command> <return>  to replace it with another command,
or  <return>  to continue without it.


! LaTeX Error: Command \cyri unavailable in encoding T1.

See the LaTeX manual or LaTeX Companion for explanation.
Type  H <return>  for immediate help.
 ...                                              
                                                  
l.56 ...le} showing the most important sections.}]
                                                  
Your command was ignored.
Type  I <command> <return>  to replace it with another command,
or  <return>  to continue without it.


! LaTeX Error: Command \cyrs unavailable in encoding T1.

See the LaTeX manual or LaTeX Companion for explanation.
Type  H <return>  for immediate help.
 ...                                              
                                                  
l.56 ...le} showing the most important sections.}]
                                                  
Your command was ignored.
Type  I <command> <return>  to replace it with another command,
or  <return>  to continue without it.


! LaTeX Error: Command \cyrt unavailable in encoding T1.

See the LaTeX manual or LaTeX Companion for explanation.
Type  H <return>  for immediate help.
 ...                                              
                                                  
l.56 ...le} showing the most important sections.}]
                                                  
Your command was ignored.
Type  I <command> <return>  to replace it with another command,
or  <return>  to continue without it.


! LaTeX Error: Command \cyri unavailable in encoding T1.

See the LaTeX manual or LaTeX Companion for explanation.
Type  H <return>  for immediate help.
 ...                                              
                                                  
l.56 ...le} showing the most important sections.}]
                                                  
Your command was ignored.
Type  I <command> <return>  to replace it with another command,
or  <return>  to continue without it.


! LaTeX Error: Command \cyrn unavailable in encoding T1.

See the LaTeX manual or LaTeX Companion for explanation.
Type  H <return>  for immediate help.
 ...                                              
                                                  
l.56 ...le} showing the most important sections.}]
                                                  
Your command was ignored.
Type  I <command> <return>  to replace it with another command,
or  <return>  to continue without it.


! LaTeX Error: Command \cyrg unavailable in encoding T1.

See the LaTeX manual or LaTeX Companion for explanation.
Type  H <return>  for immediate help.
 ...                                              
                                                  
l.56 ...le} showing the most important sections.}]
                                                  
Your command was ignored.
Type  I <command> <return>  to replace it with another command,
or  <return>  to continue without it.


! LaTeX Error: Command \CYRL unavailable in encoding T1.

See the LaTeX manual or LaTeX Companion for explanation.
Type  H <return>  for immediate help.
 ...                                              
                                                  
l.56 ...le} showing the most important sections.}]
                                                  
Your command was ignored.
Type  I <command> <return>  to replace it with another command,
or  <return>  to continue without it.


! LaTeX Error: Command \cyri unavailable in encoding T1.

See the LaTeX manual or LaTeX Companion for explanation.
Type  H <return>  for immediate help.
 ...                                              
                                                  
l.56 ...le} showing the most important sections.}]
                                                  
Your command was ignored.
Type  I <command> <return>  to replace it with another command,
or  <return>  to continue without it.


! LaTeX Error: Command \cyrs unavailable in encoding T1.

See the LaTeX manual or LaTeX Companion for explanation.
Type  H <return>  for immediate help.
 ...                                              
                                                  
l.56 ...le} showing the most important sections.}]
                                                  
Your command was ignored.
Type  I <command> <return>  to replace it with another command,
or  <return>  to continue without it.


! LaTeX Error: Command \cyrt unavailable in encoding T1.

See the LaTeX manual or LaTeX Companion for explanation.
Type  H <return>  for immediate help.
 ...                                              
                                                  
l.56 ...le} showing the most important sections.}]
                                                  
Your command was ignored.
Type  I <command> <return>  to replace it with another command,
or  <return>  to continue without it.


! LaTeX Error: Command \cyri unavailable in encoding T1.

See the LaTeX manual or LaTeX Companion for explanation.
Type  H <return>  for immediate help.
 ...                                              
                                                  
l.56 ...le} showing the most important sections.}]
                                                  
Your command was ignored.
Type  I <command> <return>  to replace it with another command,
or  <return>  to continue without it.


! LaTeX Error: Command \cyrn unavailable in encoding T1.

See the LaTeX manual or LaTeX Companion for explanation.
Type  H <return>  for immediate help.
 ...                                              
                                                  
l.56 ...le} showing the most important sections.}]
                                                  
Your command was ignored.
Type  I <command> <return>  to replace it with another command,
or  <return>  to continue without it.


! LaTeX Error: Command \cyrg unavailable in encoding T1.

See the LaTeX manual or LaTeX Companion for explanation.
Type  H <return>  for immediate help.
 ...                                              
                                                  
l.56 ...le} showing the most important sections.}]
                                                  
Your command was ignored.
Type  I <command> <return>  to replace it with another command,
or  <return>  to continue without it.

[52] [53]
Overfull \hbox (53.7518pt too wide) in alignment at lines 110--114
 [] [] [] [] 
 []


Overfull \hbox (53.7518pt too wide) in alignment at lines 114--118
 [] [] [] [] 
 []


Underfull \hbox (badness 2401) in paragraph at lines 121--122
[]|\T1/lmr/m/n/9 Active-probe mixin: pro-files, jit-ter,
 []


Underfull \hbox (badness 4441) in paragraph at lines 129--130
[]|\T1/lmr/m/n/9 HTTP/HTTPS prob-ing of re-solved
 []


Underfull \hbox (badness 6675) in paragraph at lines 130--131
[]|\T1/lmr/m/n/9 Wappalyzer-based tech-nol-ogy fin-ger-
 []


Underfull \hbox (badness 10000) in paragraph at lines 132--133
[]|\T1/lmr/m/n/9 Crawl, brute-force, JS se-crets,
 []


Underfull \hbox (badness 5388) in paragraph at lines 156--157
[]|\T1/lmr/m/n/9 Host / X-Forwarded-Host in-jec-tion
 []


Overfull \hbox (53.7518pt too wide) in alignment at lines 118--180
 [] [] [] [] 
 []

ignored error: Infinite glue shrinkage found in box being split [54

] [55]

! LaTeX Error: Command \CYRL unavailable in encoding T1.

See the LaTeX manual or LaTeX Companion for explanation.
Type  H <return>  for immediate help.
 ...                                              
                                                  
l.189 ...excerpt from \texttt{modules/base.py}).}]
                                                  
Your command was ignored.
Type  I <command> <return>  to replace it with another command,
or  <return>  to continue without it.


! LaTeX Error: Command \cyri unavailable in encoding T1.

See the LaTeX manual or LaTeX Companion for explanation.
Type  H <return>  for immediate help.
 ...                                              
                                                  
l.189 ...excerpt from \texttt{modules/base.py}).}]
                                                  
Your command was ignored.
Type  I <command> <return>  to replace it with another command,
or  <return>  to continue without it.


! LaTeX Error: Command \cyrs unavailable in encoding T1.

See the LaTeX manual or LaTeX Companion for explanation.
Type  H <return>  for immediate help.
 ...                                              
                                                  
l.189 ...excerpt from \texttt{modules/base.py}).}]
                                                  
Your command was ignored.
Type  I <command> <return>  to replace it with another command,
or  <return>  to continue without it.


! LaTeX Error: Command \cyrt unavailable in encoding T1.

See the LaTeX manual or LaTeX Companion for explanation.
Type  H <return>  for immediate help.
 ...                                              
                                                  
l.189 ...excerpt from \texttt{modules/base.py}).}]
                                                  
Your command was ignored.
Type  I <command> <return>  to replace it with another command,
or  <return>  to continue without it.


! LaTeX Error: Command \cyri unavailable in encoding T1.

See the LaTeX manual or LaTeX Companion for explanation.
Type  H <return>  for immediate help.
 ...                                              
                                                  
l.189 ...excerpt from \texttt{modules/base.py}).}]
                                                  
Your command was ignored.
Type  I <command> <return>  to replace it with another command,
or  <return>  to continue without it.


! LaTeX Error: Command \cyrn unavailable in encoding T1.

See the LaTeX manual or LaTeX Companion for explanation.
Type  H <return>  for immediate help.
 ...                                              
                                                  
l.189 ...excerpt from \texttt{modules/base.py}).}]
                                                  
Your command was ignored.
Type  I <command> <return>  to replace it with another command,
or  <return>  to continue without it.


! LaTeX Error: Command \cyrg unavailable in encoding T1.

See the LaTeX manual or LaTeX Companion for explanation.
Type  H <return>  for immediate help.
 ...                                              
                                                  
l.189 ...excerpt from \texttt{modules/base.py}).}]
                                                  
Your command was ignored.
Type  I <command> <return>  to replace it with another command,
or  <return>  to continue without it.


! LaTeX Error: Command \CYRL unavailable in encoding T1.

See the LaTeX manual or LaTeX Companion for explanation.
Type  H <return>  for immediate help.
 ...                                              
                                                  
l.189 ...excerpt from \texttt{modules/base.py}).}]
                                                  
Your command was ignored.
Type  I <command> <return>  to replace it with another command,
or  <return>  to continue without it.


! LaTeX Error: Command \cyri unavailable in encoding T1.

See the LaTeX manual or LaTeX Companion for explanation.
Type  H <return>  for immediate help.
 ...                                              
                                                  
l.189 ...excerpt from \texttt{modules/base.py}).}]
                                                  
Your command was ignored.
Type  I <command> <return>  to replace it with another command,
or  <return>  to continue without it.


! LaTeX Error: Command \cyrs unavailable in encoding T1.

See the LaTeX manual or LaTeX Companion for explanation.
Type  H <return>  for immediate help.
 ...                                              
                                                  
l.189 ...excerpt from \texttt{modules/base.py}).}]
                                                  
Your command was ignored.
Type  I <command> <return>  to replace it with another command,
or  <return>  to continue without it.


! LaTeX Error: Command \cyrt unavailable in encoding T1.

See the LaTeX manual or LaTeX Companion for explanation.
Type  H <return>  for immediate help.
 ...                                              
                                                  
l.189 ...excerpt from \texttt{modules/base.py}).}]
                                                  
Your command was ignored.
Type  I <command> <return>  to replace it with another command,
or  <return>  to continue without it.


! LaTeX Error: Command \cyri unavailable in encoding T1.

See the LaTeX manual or LaTeX Companion for explanation.
Type  H <return>  for immediate help.
 ...                                              
                                                  
l.189 ...excerpt from \texttt{modules/base.py}).}]
                                                  
Your command was ignored.
Type  I <command> <return>  to replace it with another command,
or  <return>  to continue without it.


! LaTeX Error: Command \cyrn unavailable in encoding T1.

See the LaTeX manual or LaTeX Companion for explanation.
Type  H <return>  for immediate help.
 ...                                              
                                                  
l.189 ...excerpt from \texttt{modules/base.py}).}]
                                                  
Your command was ignored.
Type  I <command> <return>  to replace it with another command,
or  <return>  to continue without it.


! LaTeX Error: Command \cyrg unavailable in encoding T1.

See the LaTeX manual or LaTeX Companion for explanation.
Type  H <return>  for immediate help.
 ...                                              
                                                  
l.189 ...excerpt from \texttt{modules/base.py}).}]
                                                  
Your command was ignored.
Type  I <command> <return>  to replace it with another command,
or  <return>  to continue without it.


! LaTeX Error: Command \CYRL unavailable in encoding T1.

See the LaTeX manual or LaTeX Companion for explanation.
Type  H <return>  for immediate help.
 ...                                              
                                                  
l.189 ...excerpt from \texttt{modules/base.py}).}]
                                                  
Your command was ignored.
Type  I <command> <return>  to replace it with another command,
or  <return>  to continue without it.


! LaTeX Error: Command \cyri unavailable in encoding T1.

See the LaTeX manual or LaTeX Companion for explanation.
Type  H <return>  for immediate help.
 ...                                              
                                                  
l.189 ...excerpt from \texttt{modules/base.py}).}]
                                                  
Your command was ignored.
Type  I <command> <return>  to replace it with another command,
or  <return>  to continue without it.


! LaTeX Error: Command \cyrs unavailable in encoding T1.

See the LaTeX manual or LaTeX Companion for explanation.
Type  H <return>  for immediate help.
 ...                                              
                                                  
l.189 ...excerpt from \texttt{modules/base.py}).}]
                                                  
Your command was ignored.
Type  I <command> <return>  to replace it with another command,
or  <return>  to continue without it.


! LaTeX Error: Command \cyrt unavailable in encoding T1.

See the LaTeX manual or LaTeX Companion for explanation.
Type  H <return>  for immediate help.
 ...                                              
                                                  
l.189 ...excerpt from \texttt{modules/base.py}).}]
                                                  
Your command was ignored.
Type  I <command> <return>  to replace it with another command,
or  <return>  to continue without it.


! LaTeX Error: Command \cyri unavailable in encoding T1.

See the LaTeX manual or LaTeX Companion for explanation.
Type  H <return>  for immediate help.
 ...                                              
                                                  
l.189 ...excerpt from \texttt{modules/base.py}).}]
                                                  
Your command was ignored.
Type  I <command> <return>  to replace it with another command,
or  <return>  to continue without it.


! LaTeX Error: Command \cyrn unavailable in encoding T1.

See the LaTeX manual or LaTeX Companion for explanation.
Type  H <return>  for immediate help.
 ...                                              
                                                  
l.189 ...excerpt from \texttt{modules/base.py}).}]
                                                  
Your command was ignored.
Type  I <command> <return>  to replace it with another command,
or  <return>  to continue without it.


! LaTeX Error: Command \cyrg unavailable in encoding T1.

See the LaTeX manual or LaTeX Companion for explanation.
Type  H <return>  for immediate help.
 ...                                              
                                                  
l.189 ...excerpt from \texttt{modules/base.py}).}]
                                                  
Your command was ignored.
Type  I <command> <return>  to replace it with another command,
or  <return>  to continue without it.


! LaTeX Error: Command \CYRL unavailable in encoding T1.

See the LaTeX manual or LaTeX Companion for explanation.
Type  H <return>  for immediate help.
 ...                                              
                                                  
l.189 ...excerpt from \texttt{modules/base.py}).}]
                                                  
Your command was ignored.
Type  I <command> <return>  to replace it with another command,
or  <return>  to continue without it.


! LaTeX Error: Command \cyri unavailable in encoding T1.

See the LaTeX manual or LaTeX Companion for explanation.
Type  H <return>  for immediate help.
 ...                                              
                                                  
l.189 ...excerpt from \texttt{modules/base.py}).}]
                                                  
Your command was ignored.
Type  I <command> <return>  to replace it with another command,
or  <return>  to continue without it.


! LaTeX Error: Command \cyrs unavailable in encoding T1.

See the LaTeX manual or LaTeX Companion for explanation.
Type  H <return>  for immediate help.
 ...                                              
                                                  
l.189 ...excerpt from \texttt{modules/base.py}).}]
                                                  
Your command was ignored.
Type  I <command> <return>  to replace it with another command,
or  <return>  to continue without it.


! LaTeX Error: Command \cyrt unavailable in encoding T1.

See the LaTeX manual or LaTeX Companion for explanation.
Type  H <return>  for immediate help.
 ...                                              
                                                  
l.189 ...excerpt from \texttt{modules/base.py}).}]
                                                  
Your command was ignored.
Type  I <command> <return>  to replace it with another command,
or  <return>  to continue without it.


! LaTeX Error: Command \cyri unavailable in encoding T1.

See the LaTeX manual or LaTeX Companion for explanation.
Type  H <return>  for immediate help.
 ...                                              
                                                  
l.189 ...excerpt from \texttt{modules/base.py}).}]
                                                  
Your command was ignored.
Type  I <command> <return>  to replace it with another command,
or  <return>  to continue without it.


! LaTeX Error: Command \cyrn unavailable in encoding T1.

See the LaTeX manual or LaTeX Companion for explanation.
Type  H <return>  for immediate help.
 ...                                              
                                                  
l.189 ...excerpt from \texttt{modules/base.py}).}]
                                                  
Your command was ignored.
Type  I <command> <return>  to replace it with another command,
or  <return>  to continue without it.


! LaTeX Error: Command \cyrg unavailable in encoding T1.

See the LaTeX manual or LaTeX Companion for explanation.
Type  H <return>  for immediate help.
 ...                                              
                                                  
l.189 ...excerpt from \texttt{modules/base.py}).}]
                                                  
Your command was ignored.
Type  I <command> <return>  to replace it with another command,
or  <return>  to continue without it.


Underfull \hbox (badness 5231) in paragraph at lines 189--189
[] \T1/lmr/m/n/12 3: |Cross-cutting ser-vices at-tached at mod-ule con-struc-ti
on (ex-cerpt from
 []

[56

]

! LaTeX Error: Command \CYRL unavailable in encoding T1.

See the LaTeX manual or LaTeX Companion for explanation.
Type  H <return>  for immediate help.
 ...                                              
                                                  
l.215 ...\texttt{modules/finding\_registry.py}).}]
                                                  
Your command was ignored.
Type  I <command> <return>  to replace it with another command,
or  <return>  to continue without it.


! LaTeX Error: Command \cyri unavailable in encoding T1.

See the LaTeX manual or LaTeX Companion for explanation.
Type  H <return>  for immediate help.
 ...                                              
                                                  
l.215 ...\texttt{modules/finding\_registry.py}).}]
                                                  
Your command was ignored.
Type  I <command> <return>  to replace it with another command,
or  <return>  to continue without it.


! LaTeX Error: Command \cyrs unavailable in encoding T1.

See the LaTeX manual or LaTeX Companion for explanation.
Type  H <return>  for immediate help.
 ...                                              
                                                  
l.215 ...\texttt{modules/finding\_registry.py}).}]
                                                  
Your command was ignored.
Type  I <command> <return>  to replace it with another command,
or  <return>  to continue without it.


! LaTeX Error: Command \cyrt unavailable in encoding T1.

See the LaTeX manual or LaTeX Companion for explanation.
Type  H <return>  for immediate help.
 ...                                              
                                                  
l.215 ...\texttt{modules/finding\_registry.py}).}]
                                                  
Your command was ignored.
Type  I <command> <return>  to replace it with another command,
or  <return>  to continue without it.


! LaTeX Error: Command \cyri unavailable in encoding T1.

See the LaTeX manual or LaTeX Companion for explanation.
Type  H <return>  for immediate help.
 ...                                              
                                                  
l.215 ...\texttt{modules/finding\_registry.py}).}]
                                                  
Your command was ignored.
Type  I <command> <return>  to replace it with another command,
or  <return>  to continue without it.


! LaTeX Error: Command \cyrn unavailable in encoding T1.

See the LaTeX manual or LaTeX Companion for explanation.
Type  H <return>  for immediate help.
 ...                                              
                                                  
l.215 ...\texttt{modules/finding\_registry.py}).}]
                                                  
Your command was ignored.
Type  I <command> <return>  to replace it with another command,
or  <return>  to continue without it.


! LaTeX Error: Command \cyrg unavailable in encoding T1.

See the LaTeX manual or LaTeX Companion for explanation.
Type  H <return>  for immediate help.
 ...                                              
                                                  
l.215 ...\texttt{modules/finding\_registry.py}).}]
                                                  
Your command was ignored.
Type  I <command> <return>  to replace it with another command,
or  <return>  to continue without it.


! LaTeX Error: Command \CYRL unavailable in encoding T1.

See the LaTeX manual or LaTeX Companion for explanation.
Type  H <return>  for immediate help.
 ...                                              
                                                  
l.215 ...\texttt{modules/finding\_registry.py}).}]
                                                  
Your command was ignored.
Type  I <command> <return>  to replace it with another command,
or  <return>  to continue without it.


! LaTeX Error: Command \cyri unavailable in encoding T1.

See the LaTeX manual or LaTeX Companion for explanation.
Type  H <return>  for immediate help.
 ...                                              
                                                  
l.215 ...\texttt{modules/finding\_registry.py}).}]
                                                  
Your command was ignored.
Type  I <command> <return>  to replace it with another command,
or  <return>  to continue without it.


! LaTeX Error: Command \cyrs unavailable in encoding T1.

See the LaTeX manual or LaTeX Companion for explanation.
Type  H <return>  for immediate help.
 ...                                              
                                                  
l.215 ...\texttt{modules/finding\_registry.py}).}]
                                                  
Your command was ignored.
Type  I <command> <return>  to replace it with another command,
or  <return>  to continue without it.


! LaTeX Error: Command \cyrt unavailable in encoding T1.

See the LaTeX manual or LaTeX Companion for explanation.
Type  H <return>  for immediate help.
 ...                                              
                                                  
l.215 ...\texttt{modules/finding\_registry.py}).}]
                                                  
Your command was ignored.
Type  I <command> <return>  to replace it with another command,
or  <return>  to continue without it.


! LaTeX Error: Command \cyri unavailable in encoding T1.

See the LaTeX manual or LaTeX Companion for explanation.
Type  H <return>  for immediate help.
 ...                                              
                                                  
l.215 ...\texttt{modules/finding\_registry.py}).}]
                                                  
Your command was ignored.
Type  I <command> <return>  to replace it with another command,
or  <return>  to continue without it.


! LaTeX Error: Command \cyrn unavailable in encoding T1.

See the LaTeX manual or LaTeX Companion for explanation.
Type  H <return>  for immediate help.
 ...                                              
                                                  
l.215 ...\texttt{modules/finding\_registry.py}).}]
                                                  
Your command was ignored.
Type  I <command> <return>  to replace it with another command,
or  <return>  to continue without it.


! LaTeX Error: Command \cyrg unavailable in encoding T1.

See the LaTeX manual or LaTeX Companion for explanation.
Type  H <return>  for immediate help.
 ...                                              
                                                  
l.215 ...\texttt{modules/finding\_registry.py}).}]
                                                  
Your command was ignored.
Type  I <command> <return>  to replace it with another command,
or  <return>  to continue without it.


! LaTeX Error: Command \CYRL unavailable in encoding T1.

See the LaTeX manual or LaTeX Companion for explanation.
Type  H <return>  for immediate help.
 ...                                              
                                                  
l.215 ...\texttt{modules/finding\_registry.py}).}]
                                                  
Your command was ignored.
Type  I <command> <return>  to replace it with another command,
or  <return>  to continue without it.


! LaTeX Error: Command \cyri unavailable in encoding T1.

See the LaTeX manual or LaTeX Companion for explanation.
Type  H <return>  for immediate help.
 ...                                              
                                                  
l.215 ...\texttt{modules/finding\_registry.py}).}]
                                                  
Your command was ignored.
Type  I <command> <return>  to replace it with another command,
or  <return>  to continue without it.


! LaTeX Error: Command \cyrs unavailable in encoding T1.

See the LaTeX manual or LaTeX Companion for explanation.
Type  H <return>  for immediate help.
 ...                                              
                                                  
l.215 ...\texttt{modules/finding\_registry.py}).}]
                                                  
Your command was ignored.
Type  I <command> <return>  to replace it with another command,
or  <return>  to continue without it.


! LaTeX Error: Command \cyrt unavailable in encoding T1.

See the LaTeX manual or LaTeX Companion for explanation.
Type  H <return>  for immediate help.
 ...                                              
                                                  
l.215 ...\texttt{modules/finding\_registry.py}).}]
                                                  
Your command was ignored.
Type  I <command> <return>  to replace it with another command,
or  <return>  to continue without it.


! LaTeX Error: Command \cyri unavailable in encoding T1.

See the LaTeX manual or LaTeX Companion for explanation.
Type  H <return>  for immediate help.
 ...                                              
                                                  
l.215 ...\texttt{modules/finding\_registry.py}).}]
                                                  
Your command was ignored.
Type  I <command> <return>  to replace it with another command,
or  <return>  to continue without it.


! LaTeX Error: Command \cyrn unavailable in encoding T1.

See the LaTeX manual or LaTeX Companion for explanation.
Type  H <return>  for immediate help.
 ...                                              
                                                  
l.215 ...\texttt{modules/finding\_registry.py}).}]
                                                  
Your command was ignored.
Type  I <command> <return>  to replace it with another command,
or  <return>  to continue without it.


! LaTeX Error: Command \cyrg unavailable in encoding T1.

See the LaTeX manual or LaTeX Companion for explanation.
Type  H <return>  for immediate help.
 ...                                              
                                                  
l.215 ...\texttt{modules/finding\_registry.py}).}]
                                                  
Your command was ignored.
Type  I <command> <return>  to replace it with another command,
or  <return>  to continue without it.


! LaTeX Error: Command \CYRL unavailable in encoding T1.

See the LaTeX manual or LaTeX Companion for explanation.
Type  H <return>  for immediate help.
 ...                                              
                                                  
l.215 ...\texttt{modules/finding\_registry.py}).}]
                                                  
Your command was ignored.
Type  I <command> <return>  to replace it with another command,
or  <return>  to continue without it.


! LaTeX Error: Command \cyri unavailable in encoding T1.

See the LaTeX manual or LaTeX Companion for explanation.
Type  H <return>  for immediate help.
 ...                                              
                                                  
l.215 ...\texttt{modules/finding\_registry.py}).}]
                                                  
Your command was ignored.
Type  I <command> <return>  to replace it with another command,
or  <return>  to continue without it.


! LaTeX Error: Command \cyrs unavailable in encoding T1.

See the LaTeX manual or LaTeX Companion for explanation.
Type  H <return>  for immediate help.
 ...                                              
                                                  
l.215 ...\texttt{modules/finding\_registry.py}).}]
                                                  
Your command was ignored.
Type  I <command> <return>  to replace it with another command,
or  <return>  to continue without it.


! LaTeX Error: Command \cyrt unavailable in encoding T1.

See the LaTeX manual or LaTeX Companion for explanation.
Type  H <return>  for immediate help.
 ...                                              
                                                  
l.215 ...\texttt{modules/finding\_registry.py}).}]
                                                  
Your command was ignored.
Type  I <command> <return>  to replace it with another command,
or  <return>  to continue without it.


! LaTeX Error: Command \cyri unavailable in encoding T1.

See the LaTeX manual or LaTeX Companion for explanation.
Type  H <return>  for immediate help.
 ...                                              
                                                  
l.215 ...\texttt{modules/finding\_registry.py}).}]
                                                  
Your command was ignored.
Type  I <command> <return>  to replace it with another command,
or  <return>  to continue without it.


! LaTeX Error: Command \cyrn unavailable in encoding T1.

See the LaTeX manual or LaTeX Companion for explanation.
Type  H <return>  for immediate help.
 ...                                              
                                                  
l.215 ...\texttt{modules/finding\_registry.py}).}]
                                                  
Your command was ignored.
Type  I <command> <return>  to replace it with another command,
or  <return>  to continue without it.


! LaTeX Error: Command \cyrg unavailable in encoding T1.

See the LaTeX manual or LaTeX Companion for explanation.
Type  H <return>  for immediate help.
 ...                                              
                                                  
l.215 ...\texttt{modules/finding\_registry.py}).}]
                                                  
Your command was ignored.
Type  I <command> <return>  to replace it with another command,
or  <return>  to continue without it.


Underfull \hbox (badness 4492) in paragraph at lines 215--215
[] \T1/lmr/m/n/12 4: |Sever-ity / ex-ploitabil-ity weights and risk-score helpe
rs (ex-cerpt from
 []


! LaTeX Error: Command \CYRL unavailable in encoding T1.

See the LaTeX manual or LaTeX Companion for explanation.
Type  H <return>  for immediate help.
 ...                                              
                                                  
l.242 ...t from \texttt{modules/ai\_report.py}).}]
                                                  
Your command was ignored.
Type  I <command> <return>  to replace it with another command,
or  <return>  to continue without it.


! LaTeX Error: Command \cyri unavailable in encoding T1.

See the LaTeX manual or LaTeX Companion for explanation.
Type  H <return>  for immediate help.
 ...                                              
                                                  
l.242 ...t from \texttt{modules/ai\_report.py}).}]
                                                  
Your command was ignored.
Type  I <command> <return>  to replace it with another command,
or  <return>  to continue without it.


! LaTeX Error: Command \cyrs unavailable in encoding T1.

See the LaTeX manual or LaTeX Companion for explanation.
Type  H <return>  for immediate help.
 ...                                              
                                                  
l.242 ...t from \texttt{modules/ai\_report.py}).}]
                                                  
Your command was ignored.
Type  I <command> <return>  to replace it with another command,
or  <return>  to continue without it.


! LaTeX Error: Command \cyrt unavailable in encoding T1.

See the LaTeX manual or LaTeX Companion for explanation.
Type  H <return>  for immediate help.
 ...                                              
                                                  
l.242 ...t from \texttt{modules/ai\_report.py}).}]
                                                  
Your command was ignored.
Type  I <command> <return>  to replace it with another command,
or  <return>  to continue without it.


! LaTeX Error: Command \cyri unavailable in encoding T1.

See the LaTeX manual or LaTeX Companion for explanation.
Type  H <return>  for immediate help.
 ...                                              
                                                  
l.242 ...t from \texttt{modules/ai\_report.py}).}]
                                                  
Your command was ignored.
Type  I <command> <return>  to replace it with another command,
or  <return>  to continue without it.


! LaTeX Error: Command \cyrn unavailable in encoding T1.

See the LaTeX manual or LaTeX Companion for explanation.
Type  H <return>  for immediate help.
 ...                                              
                                                  
l.242 ...t from \texttt{modules/ai\_report.py}).}]
                                                  
Your command was ignored.
Type  I <command> <return>  to replace it with another command,
or  <return>  to continue without it.


! LaTeX Error: Command \cyrg unavailable in encoding T1.

See the LaTeX manual or LaTeX Companion for explanation.
Type  H <return>  for immediate help.
 ...                                              
                                                  
l.242 ...t from \texttt{modules/ai\_report.py}).}]
                                                  
Your command was ignored.
Type  I <command> <return>  to replace it with another command,
or  <return>  to continue without it.


! LaTeX Error: Command \CYRL unavailable in encoding T1.

See the LaTeX manual or LaTeX Companion for explanation.
Type  H <return>  for immediate help.
 ...                                              
                                                  
l.242 ...t from \texttt{modules/ai\_report.py}).}]
                                                  
Your command was ignored.
Type  I <command> <return>  to replace it with another command,
or  <return>  to continue without it.


! LaTeX Error: Command \cyri unavailable in encoding T1.

See the LaTeX manual or LaTeX Companion for explanation.
Type  H <return>  for immediate help.
 ...                                              
                                                  
l.242 ...t from \texttt{modules/ai\_report.py}).}]
                                                  
Your command was ignored.
Type  I <command> <return>  to replace it with another command,
or  <return>  to continue without it.


! LaTeX Error: Command \cyrs unavailable in encoding T1.

See the LaTeX manual or LaTeX Companion for explanation.
Type  H <return>  for immediate help.
 ...                                              
                                                  
l.242 ...t from \texttt{modules/ai\_report.py}).}]
                                                  
Your command was ignored.
Type  I <command> <return>  to replace it with another command,
or  <return>  to continue without it.


! LaTeX Error: Command \cyrt unavailable in encoding T1.

See the LaTeX manual or LaTeX Companion for explanation.
Type  H <return>  for immediate help.
 ...                                              
                                                  
l.242 ...t from \texttt{modules/ai\_report.py}).}]
                                                  
Your command was ignored.
Type  I <command> <return>  to replace it with another command,
or  <return>  to continue without it.


! LaTeX Error: Command \cyri unavailable in encoding T1.

See the LaTeX manual or LaTeX Companion for explanation.
Type  H <return>  for immediate help.
 ...                                              
                                                  
l.242 ...t from \texttt{modules/ai\_report.py}).}]
                                                  
Your command was ignored.
Type  I <command> <return>  to replace it with another command,
or  <return>  to continue without it.


! LaTeX Error: Command \cyrn unavailable in encoding T1.

See the LaTeX manual or LaTeX Companion for explanation.
Type  H <return>  for immediate help.
 ...                                              
                                                  
l.242 ...t from \texttt{modules/ai\_report.py}).}]
                                                  
Your command was ignored.
Type  I <command> <return>  to replace it with another command,
or  <return>  to continue without it.


! LaTeX Error: Command \cyrg unavailable in encoding T1.

See the LaTeX manual or LaTeX Companion for explanation.
Type  H <return>  for immediate help.
 ...                                              
                                                  
l.242 ...t from \texttt{modules/ai\_report.py}).}]
                                                  
Your command was ignored.
Type  I <command> <return>  to replace it with another command,
or  <return>  to continue without it.


! LaTeX Error: Command \CYRL unavailable in encoding T1.

See the LaTeX manual or LaTeX Companion for explanation.
Type  H <return>  for immediate help.
 ...                                              
                                                  
l.242 ...t from \texttt{modules/ai\_report.py}).}]
                                                  
Your command was ignored.
Type  I <command> <return>  to replace it with another command,
or  <return>  to continue without it.


! LaTeX Error: Command \cyri unavailable in encoding T1.

See the LaTeX manual or LaTeX Companion for explanation.
Type  H <return>  for immediate help.
 ...                                              
                                                  
l.242 ...t from \texttt{modules/ai\_report.py}).}]
                                                  
Your command was ignored.
Type  I <command> <return>  to replace it with another command,
or  <return>  to continue without it.


! LaTeX Error: Command \cyrs unavailable in encoding T1.

See the LaTeX manual or LaTeX Companion for explanation.
Type  H <return>  for immediate help.
 ...                                              
                                                  
l.242 ...t from \texttt{modules/ai\_report.py}).}]
                                                  
Your command was ignored.
Type  I <command> <return>  to replace it with another command,
or  <return>  to continue without it.


! LaTeX Error: Command \cyrt unavailable in encoding T1.

See the LaTeX manual or LaTeX Companion for explanation.
Type  H <return>  for immediate help.
 ...                                              
                                                  
l.242 ...t from \texttt{modules/ai\_report.py}).}]
                                                  
Your command was ignored.
Type  I <command> <return>  to replace it with another command,
or  <return>  to continue without it.


! LaTeX Error: Command \cyri unavailable in encoding T1.

See the LaTeX manual or LaTeX Companion for explanation.
Type  H <return>  for immediate help.
 ...                                              
                                                  
l.242 ...t from \texttt{modules/ai\_report.py}).}]
                                                  
Your command was ignored.
Type  I <command> <return>  to replace it with another command,
or  <return>  to continue without it.


! LaTeX Error: Command \cyrn unavailable in encoding T1.

See the LaTeX manual or LaTeX Companion for explanation.
Type  H <return>  for immediate help.
 ...                                              
                                                  
l.242 ...t from \texttt{modules/ai\_report.py}).}]
                                                  
Your command was ignored.
Type  I <command> <return>  to replace it with another command,
or  <return>  to continue without it.


! LaTeX Error: Command \cyrg unavailable in encoding T1.

See the LaTeX manual or LaTeX Companion for explanation.
Type  H <return>  for immediate help.
 ...                                              
                                                  
l.242 ...t from \texttt{modules/ai\_report.py}).}]
                                                  
Your command was ignored.
Type  I <command> <return>  to replace it with another command,
or  <return>  to continue without it.


! LaTeX Error: Command \CYRL unavailable in encoding T1.

See the LaTeX manual or LaTeX Companion for explanation.
Type  H <return>  for immediate help.
 ...                                              
                                                  
l.242 ...t from \texttt{modules/ai\_report.py}).}]
                                                  
Your command was ignored.
Type  I <command> <return>  to replace it with another command,
or  <return>  to continue without it.


! LaTeX Error: Command \cyri unavailable in encoding T1.

See the LaTeX manual or LaTeX Companion for explanation.
Type  H <return>  for immediate help.
 ...                                              
                                                  
l.242 ...t from \texttt{modules/ai\_report.py}).}]
                                                  
Your command was ignored.
Type  I <command> <return>  to replace it with another command,
or  <return>  to continue without it.


! LaTeX Error: Command \cyrs unavailable in encoding T1.

See the LaTeX manual or LaTeX Companion for explanation.
Type  H <return>  for immediate help.
 ...                                              
                                                  
l.242 ...t from \texttt{modules/ai\_report.py}).}]
                                                  
Your command was ignored.
Type  I <command> <return>  to replace it with another command,
or  <return>  to continue without it.


! LaTeX Error: Command \cyrt unavailable in encoding T1.

See the LaTeX manual or LaTeX Companion for explanation.
Type  H <return>  for immediate help.
 ...                                              
                                                  
l.242 ...t from \texttt{modules/ai\_report.py}).}]
                                                  
Your command was ignored.
Type  I <command> <return>  to replace it with another command,
or  <return>  to continue without it.


! LaTeX Error: Command \cyri unavailable in encoding T1.

See the LaTeX manual or LaTeX Companion for explanation.
Type  H <return>  for immediate help.
 ...                                              
                                                  
l.242 ...t from \texttt{modules/ai\_report.py}).}]
                                                  
Your command was ignored.
Type  I <command> <return>  to replace it with another command,
or  <return>  to continue without it.


! LaTeX Error: Command \cyrn unavailable in encoding T1.

See the LaTeX manual or LaTeX Companion for explanation.
Type  H <return>  for immediate help.
 ...                                              
                                                  
l.242 ...t from \texttt{modules/ai\_report.py}).}]
                                                  
Your command was ignored.
Type  I <command> <return>  to replace it with another command,
or  <return>  to continue without it.


! LaTeX Error: Command \cyrg unavailable in encoding T1.

See the LaTeX manual or LaTeX Companion for explanation.
Type  H <return>  for immediate help.
 ...                                              
                                                  
l.242 ...t from \texttt{modules/ai\_report.py}).}]
                                                  
Your command was ignored.
Type  I <command> <return>  to replace it with another command,
or  <return>  to continue without it.

[57]) [58]
No complaints by nag.
\tf@lot=\write7
\openout7 = `main.lot'.

\tf@lof=\write8
\openout8 = `main.lof'.

\tf@toc=\write9
\openout9 = `main.toc'.

(./main.aux)
 ***********
LaTeX2e <2025-11-01>
L3 programming layer <2020/03/25>
 ***********


LaTeX Font Warning: Some font shapes were not available, defaults substituted.

Package rerunfilecheck Info: File `main.out' has not changed.
(rerunfilecheck)             Checksum: 7BCB5385F9F676EBA4D53CAE8F7441CB;18408.
 ) 
Here is how much of TeX's memory you used:
 32995 strings out of 469514
 564076 string characters out of 5470072
 1631240 words of memory out of 5000000
 60560 multiletter control sequences out of 15000+600000
 746508 words of font info for 122 fonts, out of 8000000 for 9000
 14 hyphenation exceptions out of 8191
 85i,13n,131p,1835b,2097s stack positions out of 10000i,1000n,20000p,200000b,200000s
 </home/kali/texmf/fonts/pk/ljfour/lh/lh-t2a/larm1095.600pk> </home/kali/texm
f/fonts/pk/ljfour/lh/lh-t2a/larm1200.600pk> </home/kali/texmf/fonts/pk/ljfour/l
h/lh-t2a/larm2488.600pk></usr/share/texmf/fonts/type1/public/lm/lmbx10.pfb></us
r/share/texmf/fonts/type1/public/lm/lmbx12.pfb></usr/share/texmf/fonts/type1/pu
blic/lm/lmbx9.pfb></usr/share/texmf/fonts/type1/public/lm/lmcsc10.pfb></usr/sha
re/texmf/fonts/type1/public/lm/lmex10.pfb></usr/share/texmf/fonts/type1/public/
lm/lmmi10.pfb></usr/share/texmf/fonts/type1/public/lm/lmmi12.pfb></usr/share/te
xmf/fonts/type1/public/lm/lmmi8.pfb></usr/share/texmf/fonts/type1/public/lm/lmr
10.pfb></usr/share/texmf/fonts/type1/public/lm/lmr12.pfb></usr/share/texmf/font
s/type1/public/lm/lmr17.pfb></usr/share/texmf/fonts/type1/public/lm/lmr7.pfb></
usr/share/texmf/fonts/type1/public/lm/lmr8.pfb></usr/share/texmf/fonts/type1/pu
blic/lm/lmr9.pfb></usr/share/texmf/fonts/type1/public/lm/lmri10.pfb></usr/share
/texmf/fonts/type1/public/lm/lmri12.pfb></usr/share/texmf/fonts/type1/public/lm
/lmri8.pfb></usr/share/texmf/fonts/type1/public/lm/lmsy10.pfb></usr/share/texmf
/fonts/type1/public/lm/lmsy8.pfb></usr/share/texmf/fonts/type1/public/lm/lmtk10
.pfb></usr/share/texmf/fonts/type1/public/lm/lmtt10.pfb></usr/share/texmf/fonts
/type1/public/lm/lmtt12.pfb></usr/share/texmf/fonts/type1/public/lm/lmtt9.pfb>
Output written on main.pdf (82 pages, 1415314 bytes).
PDF statistics:
 1680 PDF objects out of 1728 (max. 8388607)
 1327 compressed objects within 14 object streams
 465 named destinations out of 1000 (max. 500000)
 22763 words of extra memory for PDF output out of 24883 (max. 10000000)

